Domain,Have_IP,Have_At,URL_Length,URL_Depth,Redirection,https_Domain,TinyURL,Prefix/Suffix,DNS_Record,Web_Traffic,Domain_Age,Domain_End,whois,iFrame,Mouse_Over,Right_Click,Web_Forwards,Label
1337x.to,0,0,1,3,0,0,0,0,0,1,1,1,0,1,1,0,0.0,0
1337x.to,0,0,1,3,0,0,0,0,0,1,1,1,0,1,1,0,0.0,0
1337x.to,0,0,1,3,0,0,0,0,0,1,1,1,0,1,1,0,0.0,0
1337x.to,0,0,1,3,0,0,0,0,0,1,1,1,0,1,1,0,0.0,0
1337x.to,0,0,1,3,0,0,0,0,0,1,1,1,0,1,1,0,0.0,0
1337x.to,0,0,1,3,0,0,0,0,0,1,1,1,0,1,1,0,0.0,0
189.cn,0,0,1,3,0,0,0,0,0,1,0,1,1,1,1,0,0.0,0
2gis.ru,0,0,1,7,0,0,0,0,0,1,0,0,1,1,1,0,0.0,0
abc.go.com,0,0,1,5,0,0,0,0,0,1,1,0,0,1,1,0,0.0,0
abc.go.com,0,0,1,4,0,0,0,0,0,1,1,0,0,1,1,0,0.0,0
abcnews.go.com,0,0,1,3,0,0,0,0,0,1,1,0,0,1,1,0,0.0,0
adultfriendfinder.com,0,0,1,6,0,0,0,0,0,1,1,1,1,1,1,1,0.0,0
akhbarelyom.com,0,0,1,5,0,0,0,0,0,1,1,1,0,1,1,0,0.0,0
allegro.pl,0,0,1,1,0,0,0,0,0,1,0,0,1,1,1,0,0.0,0
allegro.pl,0,0,1,1,0,0,0,0,0,1,0,0,1,1,1,1,0.0,0
allegro.pl,0,0,1,1,0,0,0,0,0,1,0,0,1,1,1,0,0.0,0
allegro.pl,0,0,1,1,0,0,0,0,0,1,0,0,1,1,1,0,0.0,0
allegro.pl,0,0,1,1,0,0,0,0,0,1,0,0,1,1,1,0,0.0,0
allegro.pl,0,0,1,1,0,0,0,0,0,1,0,0,1,1,1,0,0.0,0
allegro.pl,0,0,1,1,0,0,0,0,0,1,0,0,1,1,1,0,0.0,0
allegro.pl,0,0,1,1,0,0,0,0,0,1,0,0,1,1,1,0,0.0,0
allegro.pl,0,0,1,1,0,0,0,0,0,1,0,0,1,1,1,1,0.0,0
allrecipes.com,0,0,1,2,0,0,0,0,0,1,1,1,1,1,1,0,0.0,0
allrecipes.com,0,0,1,3,0,0,0,0,0,1,0,1,1,1,1,0,0.0,0
allrecipes.com,0,0,1,3,0,0,0,0,0,1,0,1,1,1,1,0,0.0,0
allrecipes.com,0,0,1,3,0,0,0,0,0,1,0,1,1,1,1,0,0.0,0
allrecipes.com,0,0,1,3,0,0,0,0,0,1,0,1,1,1,1,0,0.0,0
allrecipes.com,0,0,1,3,0,0,0,0,0,1,0,1,1,1,1,0,0.0,0
allrecipes.com,0,0,1,3,0,0,0,0,0,1,0,1,1,1,1,0,0.0,0
allrecipes.com,0,0,1,4,0,0,0,0,0,1,0,1,1,1,1,0,0.0,0
allrecipes.com,0,0,1,4,0,0,0,0,0,1,0,1,1,1,1,0,0.0,0
allrecipes.com,0,0,1,4,0,0,0,0,0,1,0,1,1,1,1,0,0.0,0
anandtech.com,0,0,1,3,0,0,0,0,0,1,0,1,0,1,1,1,0.0,0
ap.org,0,0,1,4,0,0,0,0,0,1,1,1,0,1,1,1,0.0,0
ap.org,0,0,1,4,0,0,0,0,0,1,1,1,0,1,1,0,0.0,0
ap.org,0,0,1,4,0,0,0,0,0,1,1,1,0,1,1,1,0.0,0
ap.org,0,0,1,4,0,0,0,0,0,1,1,1,0,1,1,1,0.0,0
ap.org,0,0,1,4,0,0,0,0,0,1,1,1,0,1,1,1,0.0,0
ap.org,0,0,1,4,0,0,0,0,0,1,1,1,0,1,1,1,0.0,0
ap.org,0,0,1,4,0,0,0,0,0,1,1,1,0,1,1,1,0.0,0
ap.org,0,0,1,4,0,0,0,0,0,1,1,1,0,1,1,1,0.0,0
ap.org,0,0,1,4,0,0,0,0,0,1,1,1,0,1,1,1,0.0,0
ap.org,0,0,1,4,0,0,0,0,0,1,1,1,0,1,1,1,0.0,0
ap.org,0,0,1,4,0,0,0,0,0,1,1,1,0,1,1,1,0.0,0
archiveofourown.org,0,0,1,3,0,0,0,0,0,1,0,1,0,1,1,0,0.0,0
askubuntu.com,0,0,1,3,0,0,0,0,0,1,1,0,0,1,1,0,0.0,0
askubuntu.com,0,0,1,3,0,0,0,0,0,1,1,0,0,1,1,0,0.0,0
askubuntu.com,0,0,1,3,0,0,0,0,0,1,1,0,0,1,1,0,0.0,0
askubuntu.com,0,0,1,3,0,0,0,0,0,1,1,0,0,1,1,0,0.0,0
askubuntu.com,0,0,1,3,0,0,0,0,0,1,1,0,0,1,1,0,0.0,0
askubuntu.com,0,0,1,3,0,0,0,0,0,1,1,0,0,1,1,0,0.0,0
askubuntu.com,0,0,1,3,0,0,0,0,0,1,1,0,0,1,1,0,0.0,0
atwiki.jp,0,0,1,2,0,0,0,0,0,1,1,1,0,1,1,0,0.0,0
avxhome.se,0,0,1,2,0,0,0,0,0,1,0,0,0,1,1,0,0.0,0
babal.net,0,0,1,3,0,0,0,0,0,1,1,1,1,1,1,0,0.0,0
babal.net,0,0,1,3,0,0,0,0,0,1,1,1,1,1,1,0,0.0,0
bdnews24.com,0,0,1,5,0,0,0,0,0,1,0,1,0,1,1,0,0.0,0
bdnews24.com,0,0,1,5,0,0,0,0,0,1,0,1,0,1,1,0,0.0,0
bdnews24.com,0,0,1,5,0,0,0,0,0,1,0,1,0,1,1,0,0.0,0
bdnews24.com,0,0,1,5,0,0,0,0,0,1,0,1,0,1,1,0,0.0,0
bdnews24.com,0,0,1,5,0,0,0,0,0,1,0,1,0,1,1,0,0.0,0
bdnews24.com,0,0,1,5,0,0,0,0,0,1,0,1,0,1,1,0,0.0,0
bdnews24.com,0,0,1,5,0,0,0,0,0,1,0,1,0,1,1,0,0.0,0
bdnews24.com,0,0,1,5,0,0,0,0,0,1,0,1,0,1,1,0,0.0,0
bdnews24.com,0,0,1,5,0,0,0,0,0,1,0,1,0,1,1,0,0.0,0
bestblackhatforum.com,0,0,1,1,0,0,0,0,0,1,1,1,0,1,1,0,0.0,0
bestblackhatforum.com,0,0,1,1,0,0,0,0,0,1,0,1,0,1,1,0,0.0,0
bestblackhatforum.com,0,0,1,1,0,0,0,0,0,1,0,1,0,1,1,0,0.0,0
bestblackhatforum.com,0,0,1,1,0,0,0,0,0,1,0,1,0,1,1,0,0.0,0
bgr.com,0,0,1,4,0,0,0,0,0,1,1,1,0,1,1,0,0.0,0
bigcinema.tv,0,0,1,2,0,0,0,0,0,1,1,1,1,1,1,1,0.0,0
bigcinema.tv,0,0,1,2,0,0,0,0,0,1,1,1,1,1,1,1,0.0,0
bigcinema.tv,0,0,1,2,0,0,0,0,0,1,1,1,1,1,1,1,0.0,0
bleacherreport.com,0,0,1,2,0,0,1,0,0,1,1,1,0,1,1,0,0.0,0
bmi.ir,0,0,1,3,0,0,0,0,0,1,1,1,1,1,1,1,0.0,0
bongda88.info,0,0,1,1,0,0,0,0,0,1,0,1,1,1,1,0,0.0,0
bongda88.info,0,0,1,1,0,0,0,0,0,1,0,1,1,1,1,0,0.0,0
bongda88.info,0,0,1,1,0,0,0,0,0,1,0,1,1,1,1,0,0.0,0
bongda88.info,0,0,1,1,0,0,0,0,0,1,0,1,1,1,1,0,0.0,0
bongda88.info,0,0,1,1,0,0,0,0,0,1,0,1,1,1,1,0,0.0,0
caixa.gov.br,0,0,1,4,0,0,0,0,0,1,1,1,0,1,1,1,0.0,0
caixa.gov.br,0,0,1,2,0,0,0,0,0,1,1,1,0,1,1,1,0.0,0
caixa.gov.br,0,0,1,3,0,0,0,0,0,1,1,1,0,1,1,1,0.0,0
caixa.gov.br,0,0,1,5,0,0,0,0,0,1,1,1,0,1,1,1,0.0,0
caixa.gov.br,0,0,1,2,0,0,0,0,0,1,1,1,0,1,1,1,0.0,0
censor.net.ua,0,0,1,3,0,0,0,0,0,1,0,1,0,1,1,0,0.0,0
censor.net.ua,0,0,1,3,0,0,0,0,0,1,0,1,0,1,1,0,0.0,0
censor.net.ua,0,0,1,3,0,0,0,0,0,1,0,1,0,1,1,0,0.0,0
cheezburger.com,0,0,1,2,0,0,0,0,0,1,1,1,0,1,1,0,0.0,0
clien.net,0,0,1,3,0,0,0,0,0,1,1,1,1,1,1,0,0.0,0
clien.net,0,0,1,3,0,0,0,0,0,1,1,1,1,1,1,0,0.0,0
clien.net,0,0,1,3,0,0,0,0,0,1,1,1,1,1,1,0,0.0,0
codecanyon.net,0,0,1,3,0,0,0,0,0,1,1,1,0,1,1,0,0.0,0
codecanyon.net,0,0,1,4,0,0,0,0,0,1,0,0,0,1,1,1,0.0,0
codecanyon.net,0,0,1,4,0,0,0,0,0,1,0,0,0,1,1,0,0.0,0
codecanyon.net,0,0,1,3,0,0,0,0,0,1,0,0,0,1,1,0,0.0,0
codecanyon.net,0,0,1,4,0,0,0,0,0,1,0,0,0,1,1,0,0.0,0
codecanyon.net,0,0,1,3,0,0,0,0,0,1,0,0,0,1,1,0,0.0,0
codecanyon.net,0,0,1,3,0,0,0,0,0,1,0,0,0,1,1,0,0.0,0
codecanyon.net,0,0,1,4,0,0,0,0,0,1,0,0,0,1,1,0,0.0,0
codecanyon.net,0,0,1,3,0,0,0,0,0,1,0,0,0,1,1,0,0.0,0
codecanyon.net,0,0,1,3,0,0,0,0,0,1,0,0,0,1,1,0,0.0,0
codecanyon.net,0,0,1,3,0,0,0,0,0,1,0,0,0,1,1,0,0.0,0
codecanyon.net,0,0,1,3,0,0,0,0,0,1,0,0,0,1,1,0,0.0,0
codecanyon.net,0,0,1,4,0,0,0,0,0,1,0,0,0,1,1,1,0.0,0
codecanyon.net,0,0,1,3,0,0,0,0,0,1,0,0,0,1,1,0,0.0,0
codecanyon.net,0,0,1,3,0,0,0,0,0,1,0,0,0,1,1,0,0.0,0
comicbook.com,0,0,1,4,0,0,0,0,0,1,0,1,1,1,1,0,0.0,0
correios.com.br,0,0,1,3,0,0,0,0,0,1,1,1,0,1,1,0,0.0,0
correios.com.br,0,0,1,4,0,0,0,0,0,1,1,1,0,1,1,0,0.0,0
correios.com.br,0,0,1,3,0,0,0,0,0,1,1,1,0,1,1,0,0.0,0
correios.com.br,0,0,1,3,0,0,0,0,0,1,1,1,0,1,1,0,0.0,0
correios.com.br,0,0,1,4,0,0,0,0,0,1,1,1,0,1,1,0,0.0,0
correios.com.br,0,0,1,3,0,0,0,0,0,1,1,1,0,1,1,0,0.0,0
correios.com.br,0,0,1,3,0,0,0,0,0,1,1,1,0,1,1,0,0.0,0
correios.com.br,0,0,1,4,0,0,0,0,0,1,1,1,0,1,1,0,0.0,0
correios.com.br,0,0,1,4,0,0,0,0,0,1,1,1,0,1,1,0,0.0,0
correios.com.br,0,0,1,4,0,0,0,0,0,1,1,1,0,1,1,0,0.0,0
correios.com.br,0,0,1,4,0,0,0,0,0,1,1,1,0,1,1,0,0.0,0
couchtuner.eu.com,0,0,1,3,0,0,0,0,1,1,1,1,0,1,1,0,,0
couchtuner.eu.com,0,0,1,3,0,0,0,0,1,1,1,1,0,1,1,0,,0
couchtuner.eu.com,0,0,1,3,0,0,0,0,1,1,1,1,0,1,1,0,,0
cox.com,0,0,1,2,0,0,1,0,0,1,1,0,1,1,1,0,0.0,0
cox.com,0,0,1,3,0,0,1,0,0,1,1,0,1,1,1,0,0.0,0
dantri.com.vn,0,0,1,3,0,0,0,0,0,1,1,1,0,1,1,0,0.0,0
dantri.com.vn,0,0,1,3,0,0,0,0,0,1,1,1,0,1,1,0,0.0,0
dantri.com.vn,0,0,1,3,0,0,0,0,0,1,1,1,0,1,1,0,0.0,0
dantri.com.vn,0,0,1,2,0,0,0,0,0,1,1,1,0,1,1,0,0.0,0
deadspin.com,0,0,1,2,0,0,0,0,0,1,1,0,0,1,1,0,0.0,0
deadspin.com,0,0,1,1,0,0,0,0,0,1,1,0,0,1,1,0,0.0,0
deadspin.com,0,0,1,1,0,0,0,0,0,1,1,0,0,1,1,0,0.0,0
deadspin.com,0,0,1,1,0,0,0,0,0,1,1,0,0,1,1,0,0.0,0
deadspin.com,0,0,1,1,0,0,0,0,0,1,1,0,0,1,1,0,0.0,0
deadspin.com,0,0,1,1,0,0,0,0,0,1,1,0,0,1,1,0,0.0,0
deadspin.com,0,0,1,1,0,0,0,0,0,1,1,0,0,1,1,0,0.0,0
deadspin.com,0,0,1,1,0,0,0,0,0,1,1,0,0,1,1,0,0.0,0
deadspin.com,0,0,1,3,0,0,0,0,0,1,1,0,0,1,1,0,0.0,0
deadspin.com,0,0,1,1,0,0,0,0,0,1,1,0,0,1,1,0,0.0,0
depositphotos.com,0,0,1,2,0,0,0,0,0,1,0,1,0,1,1,0,0.0,0
depositphotos.com,0,0,1,2,0,0,0,0,0,1,0,1,0,1,1,0,0.0,0
depositphotos.com,0,0,1,2,0,0,0,0,0,1,0,1,1,1,1,1,0.0,0
depositphotos.com,0,0,1,2,0,0,0,0,0,1,0,1,1,1,1,1,0.0,0
depositphotos.com,0,0,1,2,0,0,0,0,0,1,0,1,1,1,1,1,0.0,0
depositphotos.com,0,0,1,2,0,0,0,0,0,1,0,1,1,1,1,1,0.0,0
depositphotos.com,0,0,1,2,0,0,0,0,0,1,0,1,1,1,1,1,0.0,0
depositphotos.com,0,0,1,2,0,0,0,0,0,1,0,1,1,1,1,1,0.0,0
depositphotos.com,0,0,1,2,0,0,0,0,0,1,0,1,0,1,1,0,0.0,0
depositphotos.com,0,0,1,2,0,0,0,0,0,1,0,1,1,1,1,1,0.0,0
depositphotos.com,0,0,1,2,0,0,0,0,0,1,0,1,1,1,1,1,0.0,0
depositphotos.com,0,0,1,2,0,0,0,0,0,1,0,1,0,1,1,0,0.0,0
depositphotos.com,0,0,1,2,0,0,0,0,0,1,0,1,1,1,1,1,0.0,0
depositphotos.com,0,0,1,2,0,0,0,0,0,1,0,1,1,1,1,1,0.0,0
depositphotos.com,0,0,1,1,0,0,0,0,0,1,0,1,1,1,1,1,0.0,0
digg.com,0,0,1,2,0,0,0,0,0,1,0,1,0,1,1,0,0.0,0
digg.com,0,0,1,2,0,0,0,0,0,1,0,1,0,1,1,0,0.0,0
digg.com,0,0,1,2,0,0,0,0,0,1,0,1,0,1,1,0,0.0,0
digg.com,0,0,1,2,0,0,0,0,0,1,0,1,0,1,1,0,0.0,0
digg.com,0,0,1,2,0,0,0,0,0,1,0,1,0,1,1,0,0.0,0
diply.com,0,0,1,3,0,0,0,0,0,1,1,1,0,1,1,0,0.0,0
diply.com,0,0,1,3,0,0,0,0,0,1,1,1,0,1,1,0,0.0,0
diply.com,0,0,1,3,0,0,0,0,0,1,1,1,0,1,1,0,0.0,0
diply.com,0,0,1,4,0,0,0,0,0,1,0,1,0,1,1,0,0.0,0
diply.com,0,0,1,3,0,0,0,0,0,1,0,1,0,1,1,0,0.0,0
diply.com,0,0,1,3,0,0,0,0,0,1,0,1,0,1,1,0,0.0,0
diply.com,0,0,1,3,0,0,0,0,0,1,0,1,0,1,1,0,0.0,0
diply.com,0,0,1,3,0,0,0,0,0,1,0,1,0,1,1,0,0.0,0
diply.com,0,0,1,3,0,0,0,0,0,1,0,1,0,1,1,0,0.0,0
diply.com,0,0,1,4,0,0,0,0,0,1,0,1,0,1,1,0,0.0,0
diply.com,0,0,1,3,0,0,0,0,0,1,0,1,0,1,1,0,0.0,0
diply.com,0,0,1,3,0,0,0,0,0,1,0,1,0,1,1,0,0.0,0
diply.com,0,0,1,3,0,0,0,0,0,1,0,1,0,1,1,0,0.0,0
distractify.com,0,0,1,2,0,0,0,0,0,1,0,0,0,1,1,1,0.0,0
distractify.com,0,0,1,2,0,0,0,0,0,1,0,0,0,1,1,1,0.0,0
distractify.com,0,0,1,2,0,0,0,0,0,1,0,0,0,1,1,1,0.0,0
duckduckgo.com,0,0,1,1,0,0,0,0,0,1,0,1,1,1,1,0,0.0,0
eenadu.net,0,0,1,3,0,0,0,0,0,1,0,0,0,1,1,1,0.0,0
eenadu.net,0,0,1,3,0,0,0,0,0,1,0,0,0,1,1,1,0.0,0
eenadu.net,0,0,1,3,0,0,0,0,0,1,0,0,0,1,1,1,0.0,0
eenadu.net,0,0,1,3,0,0,0,0,0,1,0,0,0,1,1,1,0.0,0
eenadu.net,0,0,1,3,0,0,0,0,0,1,0,0,0,1,1,1,0.0,0
elevenia.co.id,0,0,1,3,0,0,0,0,0,1,0,1,1,1,1,1,0.0,0
elitedaily.com,0,0,1,4,0,0,0,0,0,1,0,1,0,1,1,1,0.0,0
elitedaily.com,0,0,1,3,0,0,0,0,0,1,0,1,0,1,1,1,0.0,0
elitedaily.com,0,0,1,3,0,0,0,0,0,1,0,1,0,1,1,1,0.0,0
elitedaily.com,0,0,1,3,0,0,0,0,0,1,0,1,0,1,1,1,0.0,0
elitedaily.com,0,0,1,3,0,0,0,0,0,1,0,1,0,1,1,1,0.0,0
elitedaily.com,0,0,1,3,0,0,0,0,0,1,0,1,0,1,1,1,0.0,0
elitedaily.com,0,0,1,4,0,0,0,0,0,1,0,1,0,1,1,1,0.0,0
elitedaily.com,0,0,1,4,0,0,0,0,0,1,0,1,0,1,1,1,0.0,0
elitedaily.com,0,0,1,4,0,0,0,0,0,1,0,1,0,1,1,1,0.0,0
elitedaily.com,0,0,1,4,0,0,0,0,0,1,0,1,0,1,1,1,0.0,0
elitedaily.com,0,0,1,4,0,0,0,0,0,1,0,1,0,1,1,1,0.0,0
elitedaily.com,0,0,1,4,0,0,0,0,0,1,0,1,0,1,1,1,0.0,0
elitedaily.com,0,0,1,4,0,0,0,0,0,1,0,1,0,1,1,1,0.0,0
elitedaily.com,0,0,1,4,0,0,0,0,0,1,0,1,0,1,1,1,0.0,0
elitedaily.com,0,0,1,4,0,0,0,0,0,1,0,1,0,1,1,1,0.0,0
elitedaily.com,0,0,1,4,0,0,0,0,0,1,0,1,0,1,1,1,0.0,0
elitedaily.com,0,0,1,3,0,0,0,0,0,1,0,1,0,1,1,1,0.0,0
elitedaily.com,0,0,1,3,0,0,0,0,0,1,0,1,0,1,1,1,0.0,0
elitedaily.com,0,0,1,5,0,0,0,0,0,1,0,1,0,1,1,0,0.0,0
emgn.com,0,0,1,2,0,0,0,0,0,1,1,1,1,1,1,1,0.0,0
emgn.com,0,0,1,2,0,0,0,0,0,1,1,1,1,1,1,1,0.0,0
emgn.com,0,0,1,2,0,0,0,0,0,1,1,1,1,1,1,1,0.0,0
emgn.com,0,0,1,2,0,0,0,0,0,1,0,1,1,1,1,1,0.0,0
emgn.com,0,0,1,2,0,0,0,0,0,1,0,1,1,1,1,1,0.0,0
emgn.com,0,0,1,2,0,0,0,0,0,1,0,1,1,1,1,1,0.0,0
emgn.com,0,0,1,2,0,0,0,0,0,1,0,1,1,1,1,1,0.0,0
emgn.com,0,0,1,2,0,0,0,0,0,1,0,1,1,1,1,1,0.0,0
emgn.com,0,0,1,2,0,0,0,0,0,1,0,1,1,1,1,1,0.0,0
emgn.com,0,0,1,2,0,0,0,0,0,1,0,1,1,1,1,1,0.0,0
emgn.com,0,0,1,2,0,0,0,0,0,1,0,1,1,1,1,1,0.0,0
emgn.com,0,0,1,2,0,0,0,0,0,1,0,1,1,1,1,1,0.0,0
emgn.com,0,0,1,2,0,0,0,0,0,1,0,1,1,1,1,1,0.0,0
emgn.com,0,0,1,2,0,0,0,0,0,1,0,1,1,1,1,1,0.0,0
emgn.com,0,0,1,3,0,0,0,0,0,1,0,1,1,1,1,1,0.0,0
emgn.com,0,0,1,3,0,0,0,0,0,1,0,1,1,1,1,1,0.0,0
emgn.com,0,0,1,3,0,0,0,0,0,1,0,1,1,1,1,1,0.0,0
emgn.com,0,0,1,2,0,0,0,0,0,1,0,1,1,1,1,1,0.0,0
emgn.com,0,0,1,2,0,0,0,0,0,1,0,1,1,1,1,1,0.0,0
emgn.com,0,0,1,2,0,0,0,0,0,1,0,1,1,1,1,1,0.0,0
emgn.com,0,0,1,2,0,0,0,0,0,1,0,1,1,1,1,1,0.0,0
emgn.com,0,0,1,2,0,0,0,0,0,1,0,1,1,1,1,1,0.0,0
emgn.com,0,0,1,2,0,0,0,0,0,1,0,1,1,1,1,1,0.0,0
espn.go.com,0,0,1,7,0,0,0,0,0,1,1,0,1,1,1,0,0.0,0
esporte.uol.com.br,0,0,1,5,0,0,0,0,0,1,1,1,0,1,1,1,0.0,0
esporte.uol.com.br,0,0,1,7,0,0,0,0,0,1,1,1,0,1,1,0,0.0,0
europa.eu,0,0,1,6,0,0,0,0,0,1,1,1,1,1,1,0,0.0,0
extratorrent.cc,0,0,1,3,0,0,0,0,0,1,0,0,0,1,1,0,0.0,0
extratorrent.cc,0,0,1,3,0,0,0,0,0,1,0,0,0,1,1,0,0.0,0
extratorrent.cc,0,0,1,3,0,0,0,0,0,1,0,0,0,1,1,0,0.0,0
extratorrent.cc,0,0,1,3,0,0,0,0,0,1,0,0,0,1,1,0,0.0,0
extratorrent.cc,0,0,1,3,0,0,0,0,0,1,0,0,0,1,1,0,0.0,0
extratorrent.cc,0,0,1,3,0,0,0,0,0,1,0,0,0,1,1,0,0.0,0
extratorrent.cc,0,0,1,3,0,0,0,0,0,1,0,0,0,1,1,0,0.0,0
extratorrent.cc,0,0,1,3,0,0,0,0,0,1,0,0,0,1,1,0,0.0,0
extratorrent.cc,0,0,1,3,0,0,0,0,0,1,0,0,0,1,1,0,0.0,0
extratorrent.cc,0,0,1,3,0,0,0,0,0,1,0,0,0,1,1,0,0.0,0
extratorrent.cc,0,0,1,3,0,0,0,0,0,1,0,0,0,1,1,0,0.0,0
extratorrent.cc,0,0,1,3,0,0,0,0,0,1,0,0,0,1,1,0,0.0,0
extratorrent.cc,0,0,1,3,0,0,0,0,0,1,0,0,0,1,1,0,0.0,0
extratorrent.cc,0,0,1,3,0,0,0,0,0,1,0,0,0,1,1,0,0.0,0
extratorrent.cc,0,0,1,3,0,0,0,0,0,1,0,0,0,1,1,0,0.0,0
extratorrent.cc,0,0,1,3,0,0,0,0,0,1,0,0,0,1,1,0,0.0,0
extratorrent.cc,0,0,1,3,0,0,0,0,0,1,0,0,0,1,1,0,0.0,0
extratorrent.cc,0,0,1,3,0,0,0,0,0,1,0,0,0,1,1,0,0.0,0
extratorrent.cc,0,0,1,3,0,0,0,0,0,1,0,0,0,1,1,0,0.0,0
extratorrent.cc,0,0,1,3,0,0,0,0,0,1,0,0,0,1,1,0,0.0,0
extratorrent.cc,0,0,1,3,0,0,0,0,0,1,0,0,0,1,1,0,0.0,0
extratorrent.cc,0,0,1,3,0,0,0,0,0,1,0,0,0,1,1,0,0.0,0
fazenda.gov.br,0,0,1,4,0,0,0,0,0,1,1,1,1,1,1,1,0.0,0
filehippo.com,0,0,1,3,0,0,0,0,0,1,0,1,0,1,1,0,0.0,0
filehippo.com,0,0,1,4,0,0,0,0,0,1,0,1,0,1,1,1,0.0,0
fishki.net,0,0,1,1,0,0,0,0,0,1,1,1,0,1,1,0,0.0,0
flirchi.com,0,0,1,1,0,0,0,0,0,1,0,1,1,1,1,1,0.0,0
fortune.com,0,0,1,4,0,0,0,0,0,1,1,1,0,1,1,0,0.0,0
fortune.com,0,0,1,4,0,0,0,0,0,1,0,1,0,1,1,0,0.0,0
fortune.com,0,0,1,4,0,0,0,0,0,1,0,1,0,1,1,0,0.0,0
fortune.com,0,0,1,4,0,0,0,0,0,1,0,1,0,1,1,0,0.0,0
gawker.com,0,0,1,2,0,0,0,0,0,1,0,1,0,1,1,0,0.0,0
gawker.com,0,0,1,1,0,0,0,0,0,1,0,1,0,1,1,0,0.0,0
gawker.com,0,0,1,1,0,0,0,0,0,1,0,1,0,1,1,0,0.0,0
gawker.com,0,0,1,1,0,0,0,0,0,1,0,1,0,1,1,0,0.0,0
gawker.com,0,0,1,1,0,0,0,0,0,1,0,1,0,1,1,0,0.0,0
gawker.com,0,0,1,1,0,0,0,0,0,1,0,1,0,1,1,0,0.0,0
gawker.com,0,0,1,1,0,0,0,0,0,1,0,1,0,1,1,0,0.0,0
gawker.com,0,0,1,1,0,0,0,0,0,1,0,1,0,1,1,0,0.0,0
gawker.com,0,0,1,1,0,0,0,0,0,1,0,1,0,1,1,0,0.0,0
gawker.com,0,0,1,1,0,0,0,0,0,1,0,1,0,1,1,0,0.0,0
gawker.com,0,0,1,1,0,0,0,0,0,1,0,1,0,1,1,0,0.0,0
gawker.com,0,0,1,1,0,0,0,0,0,1,0,1,0,1,1,0,0.0,0
gawker.com,0,0,1,1,0,0,0,0,0,1,0,1,0,1,1,0,0.0,0
gizmodo.com,0,0,1,2,0,0,0,0,0,1,1,1,0,1,1,0,0.0,0
gizmodo.com,0,0,1,2,0,0,0,0,0,1,1,1,0,1,1,0,0.0,0
gizmodo.com,0,0,1,1,0,0,0,0,0,1,1,1,0,1,1,0,0.0,0
gizmodo.com,0,0,1,1,0,0,0,0,0,1,1,1,0,1,1,0,0.0,0
grantland.com,0,0,1,2,0,0,0,0,0,1,1,1,0,1,1,0,0.0,0
grantland.com,0,0,1,2,0,0,0,0,0,1,1,1,0,1,1,0,0.0,0
grantland.com,0,0,1,2,0,0,0,0,0,1,1,1,0,1,1,0,0.0,0
grantland.com,0,0,1,2,0,0,0,0,0,1,1,1,0,1,1,0,0.0,0
grantland.com,0,0,1,2,0,0,0,0,0,1,1,1,0,1,1,0,0.0,0
grantland.com,0,0,1,2,0,0,0,0,0,1,1,1,0,1,1,0,0.0,0
grantland.com,0,0,1,2,0,0,0,0,0,1,1,1,0,1,1,0,0.0,0
grantland.com,0,0,1,2,0,0,0,0,0,1,1,1,0,1,1,0,0.0,0
graphicriver.net,0,0,1,5,0,0,0,0,0,1,0,1,0,1,1,0,0.0,0
graphicriver.net,0,0,1,4,0,0,0,0,0,1,0,1,0,1,1,0,0.0,0
graphicriver.net,0,0,1,4,0,0,0,0,0,1,0,1,0,1,1,0,0.0,0
graphicriver.net,0,0,1,3,0,0,0,0,0,1,0,1,0,1,1,0,0.0,0
graphicriver.net,0,0,1,3,0,0,0,0,0,1,0,1,0,1,1,0,0.0,0
graphicriver.net,0,0,1,3,0,0,0,0,0,1,0,1,0,1,1,0,0.0,0
graphicriver.net,0,0,1,3,0,0,0,0,0,1,0,1,0,1,1,0,0.0,0
graphicriver.net,0,0,1,3,0,0,0,0,0,1,0,1,0,1,1,0,0.0,0
haberler.com,0,0,1,1,0,0,0,0,0,1,0,1,0,1,1,0,0.0,0
haberler.com,0,0,1,1,0,0,0,0,0,1,0,1,0,1,1,0,0.0,0
haberler.com,0,0,1,1,0,0,0,0,0,1,0,1,0,1,1,0,0.0,0
haberler.com,0,0,1,1,0,0,0,0,0,1,0,1,0,1,1,0,0.0,0
haberler.com,0,0,1,1,0,0,0,0,0,1,0,1,0,1,1,0,0.0,0
haberler.com,0,0,1,1,0,0,0,0,0,1,0,1,0,1,1,0,0.0,0
haberler.com,0,0,1,1,0,0,0,0,0,1,0,1,0,1,1,0,0.0,0
hdfcbank.com,0,0,1,5,0,0,0,0,0,1,1,1,1,1,1,0,0.0,0
hdfcbank.com,0,0,1,6,0,0,0,0,0,1,1,1,1,1,1,0,0.0,0
hdfcbank.com,0,0,1,4,0,0,0,0,0,1,0,1,1,1,1,0,0.0,0
hdfcbank.com,0,0,1,5,0,0,0,0,0,1,1,1,1,1,1,0,0.0,0
hdfcbank.com,0,0,1,5,0,0,0,0,0,1,1,1,1,1,1,0,0.0,0
hdfcbank.com,0,0,1,5,0,0,0,0,0,1,1,1,1,1,1,0,0.0,0
hdfcbank.com,0,0,1,5,0,0,0,0,0,1,1,1,1,1,1,0,0.0,0
hdfcbank.com,0,0,1,5,0,0,0,0,0,1,1,1,1,1,1,0,0.0,0
hdfcbank.com,0,0,1,5,0,0,0,0,0,1,1,1,1,1,1,0,0.0,0
hdfcbank.com,0,0,1,4,0,0,0,0,0,1,1,1,1,1,1,0,0.0,0
hdfcbank.com,0,0,1,4,0,0,0,0,0,1,1,1,1,1,1,0,0.0,0
hdfcbank.com,0,0,1,4,0,0,0,0,0,1,1,1,1,1,1,0,0.0,0
hdfcbank.com,0,0,1,4,0,0,0,0,0,1,1,1,1,1,1,0,0.0,0
hollywoodlife.com,0,0,1,4,0,0,0,0,0,1,0,1,0,1,1,0,0.0,0
hollywoodlife.com,0,0,1,4,0,0,0,0,0,1,0,1,0,1,1,0,0.0,0
hollywoodlife.com,0,0,1,4,0,0,0,0,0,1,0,1,0,1,1,0,0.0,0
hollywoodlife.com,0,0,1,4,0,0,0,0,0,1,0,1,0,1,1,0,0.0,0
hollywoodlife.com,0,0,1,4,0,0,0,0,0,1,0,1,0,1,1,0,0.0,0
how-old.net,0,0,1,2,0,0,0,1,0,1,0,1,1,1,1,0,0.0,0
hubpages.com,0,0,1,2,0,0,0,0,0,1,0,1,1,1,1,0,0.0,0
hubpages.com,0,0,1,2,0,0,0,0,0,1,0,1,1,1,1,0,0.0,0
hubpages.com,0,0,1,2,0,0,0,0,0,1,0,1,1,1,1,0,0.0,0
hubpages.com,0,0,1,2,0,0,0,0,0,1,0,1,0,1,1,0,0.0,0
hubpages.com,0,0,1,2,0,0,0,0,0,1,0,1,1,1,1,0,0.0,0
hubpages.com,0,0,1,2,0,0,0,0,0,1,0,1,1,1,1,0,0.0,0
hubpages.com,0,0,1,2,0,0,0,0,0,1,0,1,1,1,1,0,0.0,0
hubpages.com,0,0,1,2,0,0,0,0,0,1,0,1,0,1,1,0,0.0,0
hubpages.com,0,0,1,4,0,0,0,0,0,1,0,1,1,1,1,0,0.0,0
hubpages.com,0,0,1,4,0,0,0,0,0,1,0,1,1,1,1,0,0.0,0
icicibank.com,0,0,1,4,0,0,0,0,0,1,0,1,1,1,1,0,0.0,0
icicibank.com,0,0,1,4,0,0,0,0,0,1,0,1,1,1,1,1,0.0,0
icicibank.com,0,0,1,4,0,0,0,0,0,1,0,1,1,1,1,0,0.0,0
icicibank.com,0,0,1,4,0,0,0,0,0,1,0,1,1,1,1,0,0.0,0
icicibank.com,0,0,1,4,0,0,0,0,0,1,0,1,1,1,1,0,0.0,0
icicibank.com,0,0,1,4,0,0,0,0,0,1,0,1,1,1,1,0,0.0,0
icicibank.com,0,0,1,5,0,0,0,0,0,1,0,1,1,1,1,0,0.0,0
iconosquare.com,0,0,1,3,0,0,0,0,0,1,1,0,0,1,1,0,0.0,0
iconosquare.com,0,0,1,3,0,0,0,0,0,1,1,0,0,1,1,0,0.0,0
indianexpress.com,0,0,1,4,0,0,0,0,0,1,1,1,1,1,1,0,0.0,0
indianexpress.com,0,0,1,4,0,0,0,0,0,1,1,1,1,1,1,0,0.0,0
indianexpress.com,0,0,1,4,0,0,0,0,0,1,1,1,1,1,1,0,0.0,0
indianexpress.com,0,0,1,4,0,0,0,0,0,1,0,1,1,1,1,0,0.0,0
indianexpress.com,0,0,1,4,0,0,0,0,0,1,0,1,1,1,1,0,0.0,0
indianexpress.com,0,0,1,4,0,0,0,0,0,1,0,1,1,1,1,0,0.0,0
ink361.com,0,0,1,6,0,0,0,0,0,1,0,1,0,1,1,0,0.0,0
ink361.com,0,0,1,6,0,0,0,0,0,1,0,1,0,1,1,0,0.0,0
ink361.com,0,0,1,6,0,0,0,0,0,1,0,1,0,1,1,0,0.0,0
io9.com,0,0,1,2,0,0,0,0,0,1,1,0,0,1,1,1,0.0,0
io9.com,0,0,1,2,0,0,0,0,0,1,1,0,0,1,1,1,0.0,0
io9.com,0,0,1,2,0,0,0,0,0,1,1,0,0,1,1,1,0.0,0
irecommend.ru,0,0,1,2,0,0,0,0,0,1,0,1,0,1,1,0,0.0,0
jalopnik.com,0,0,1,2,0,0,0,0,0,1,1,1,0,1,1,0,0.0,0
jalopnik.com,0,0,1,2,0,0,0,0,0,1,1,1,0,1,1,0,0.0,0
jalopnik.com,0,0,1,1,0,0,0,0,0,1,1,1,0,1,1,0,0.0,0
jezebel.com,0,0,1,2,0,0,0,0,0,1,1,1,0,1,1,1,0.0,0
jezebel.com,0,0,1,1,0,0,0,0,0,1,1,1,0,1,1,0,0.0,0
jezebel.com,0,0,1,1,0,0,0,0,0,1,1,1,0,1,1,0,0.0,0
jezebel.com,0,0,1,1,0,0,0,0,0,1,1,1,0,1,1,0,0.0,0
jezebel.com,0,0,1,1,0,0,0,0,0,1,1,1,0,1,1,0,0.0,0
jezebel.com,0,0,1,2,0,0,0,0,0,1,1,1,0,1,1,0,0.0,0
kakaku.com,0,0,1,4,0,0,0,0,0,1,0,1,0,1,1,0,0.0,0
kakaku.com,0,0,1,6,0,0,0,0,0,1,0,1,0,1,1,0,0.0,0
kakaku.com,0,0,1,6,0,0,0,0,0,1,0,1,0,1,1,0,0.0,0
kakaku.com,0,0,1,6,0,0,0,0,0,1,0,1,0,1,1,0,0.0,0
kakaku.com,0,0,1,6,0,0,0,0,0,1,0,1,0,1,1,0,0.0,0
kakaku.com,0,0,1,6,0,0,0,0,0,1,0,1,0,1,1,0,0.0,0
kakaku.com,0,0,1,6,0,0,0,0,0,1,0,1,0,1,1,0,0.0,0
kakaku.com,0,0,1,7,0,0,0,0,0,1,0,1,0,1,1,0,0.0,0
kakaku.com,0,0,1,7,0,0,0,0,0,1,0,1,0,1,1,0,0.0,0
kakaku.com,0,0,1,6,0,0,0,0,0,1,0,1,0,1,1,0,0.0,0
kakaku.com,0,0,1,6,0,0,0,0,0,1,0,1,0,1,1,0,0.0,0
kakaku.com,0,0,1,6,0,0,0,0,0,1,0,1,0,1,1,0,0.0,0
kakaku.com,0,0,1,6,0,0,0,0,0,1,0,1,0,1,1,0,0.0,0
kakaku.com,0,0,1,6,0,0,0,0,0,1,0,1,0,1,1,0,0.0,0
kakaku.com,0,0,1,6,0,0,0,0,0,1,0,1,0,1,1,0,0.0,0
kakaku.com,0,0,1,6,0,0,0,0,0,1,0,1,0,1,1,0,0.0,0
kakaku.com,0,0,1,6,0,0,0,0,0,1,0,1,0,1,1,0,0.0,0
kakaku.com,0,0,1,6,0,0,0,0,0,1,0,1,0,1,1,0,0.0,0
kakaku.com,0,0,1,6,0,0,0,0,0,1,0,1,0,1,1,0,0.0,0
kakaku.com,0,0,1,6,0,0,0,0,0,1,0,1,0,1,1,0,0.0,0
kakaku.com,0,0,1,6,0,0,0,0,0,1,0,1,0,1,1,0,0.0,0
kakaku.com,0,0,1,6,0,0,0,0,0,1,0,1,0,1,1,0,0.0,0
kakaku.com,0,0,1,6,0,0,0,0,0,1,0,1,0,1,1,0,0.0,0
kakaku.com,0,0,1,6,0,0,0,0,0,1,0,1,0,1,1,0,0.0,0
kakaku.com,0,0,1,6,0,0,0,0,0,1,0,1,0,1,1,0,0.0,0
kakaku.com,0,0,1,6,0,0,0,0,0,1,0,1,0,1,1,0,0.0,0
kakaku.com,0,0,1,6,0,0,0,0,0,1,0,1,0,1,1,0,0.0,0
kakaku.com,0,0,1,6,0,0,0,0,0,1,0,1,0,1,1,0,0.0,0
kakaku.com,0,0,1,6,0,0,0,0,0,1,0,1,0,1,1,0,0.0,0
kakaku.com,0,0,1,6,0,0,0,0,0,1,0,1,0,1,1,0,0.0,0
kakaku.com,0,0,1,6,0,0,0,0,0,1,0,1,0,1,1,0,0.0,0
kakaku.com,0,0,1,6,0,0,0,0,0,1,0,1,0,1,1,0,0.0,0
kakaku.com,0,0,1,6,0,0,0,0,0,1,0,1,0,1,1,0,0.0,0
kakaku.com,0,0,1,6,0,0,0,0,0,1,0,1,0,1,1,0,0.0,0
kakaku.com,0,0,1,6,0,0,0,0,0,1,0,1,0,1,1,0,0.0,0
kakaku.com,0,0,1,6,0,0,0,0,0,1,0,1,0,1,1,0,0.0,0
kakaku.com,0,0,1,6,0,0,0,0,0,1,0,1,0,1,1,0,0.0,0
katproxy.com,0,0,1,1,0,0,0,0,0,1,0,1,1,1,1,0,0.0,0
katproxy.com,0,0,1,3,0,0,0,0,0,1,0,1,1,1,1,0,0.0,0
katproxy.com,0,0,1,1,0,0,0,0,0,1,0,1,1,1,1,0,0.0,0
katproxy.com,0,0,1,1,0,0,0,0,0,1,0,1,1,1,1,0,0.0,0
katproxy.com,0,0,1,1,0,0,0,0,0,1,0,1,1,1,1,0,0.0,0
katproxy.com,0,0,1,1,0,0,0,0,0,1,0,1,1,1,1,0,0.0,0
katproxy.com,0,0,1,1,0,0,0,0,0,1,0,1,1,1,1,0,0.0,0
katproxy.com,0,0,1,1,0,0,0,0,0,1,0,1,1,1,1,0,0.0,0
katproxy.com,0,0,1,1,0,0,0,0,0,1,0,1,1,1,1,0,0.0,0
katproxy.com,0,0,1,2,0,0,0,0,0,1,0,1,1,1,1,0,0.0,0
kenh14.vn,0,0,1,2,0,0,0,0,0,1,1,1,0,1,1,0,0.0,0
kenh14.vn,0,0,1,2,0,0,0,0,0,1,1,1,0,1,1,0,0.0,0
kenh14.vn,0,0,1,2,0,0,0,0,0,1,1,1,0,1,1,1,0.0,0
help-center-id1258512.web.app,0,0,0,0,0,0,0,1,0,1,1,1,1,1,1,0,0.0,1
api.clientify.net,0,0,1,5,0,0,0,0,0,1,0,1,1,1,1,1,0.0,1
juga-interverificationinfromatrionmta.github.io,0,0,1,1,0,0,0,1,0,1,1,1,1,1,1,0,0.0,1
disfracespartytime.com.ar,0,0,0,0,0,0,0,0,0,1,1,1,0,1,1,0,0.0,1
arabianoasis.org,0,0,0,2,0,0,0,0,0,1,0,1,1,1,1,0,0.0,1
credonalta.siterubix.com,0,0,0,2,0,0,1,0,0,1,1,1,1,1,1,1,0.0,1
ipfs.filebase.io,0,0,1,2,0,0,0,0,0,1,1,1,1,1,1,0,0.0,1
noteqnte07.firebaseapp.com,0,0,0,0,0,0,0,0,1,1,1,1,1,1,1,0,,1
postbg.firebaseapp.com,0,0,1,1,0,0,0,0,1,1,1,1,1,1,1,0,,1
chat.auth-meta.workers.dev,0,0,0,0,0,0,0,1,0,1,1,1,0,1,1,0,0.0,1
smtd.jp.warmike.cc,0,0,0,0,0,0,0,0,0,1,0,1,1,1,1,1,0.0,1
recovery90210.bestwebdevs.com,0,0,0,2,0,0,0,0,0,1,0,0,1,1,1,1,0.0,1
vanicadaranebanistercaris.web.app,0,0,0,0,0,0,0,0,0,1,1,1,1,1,1,0,0.0,1
sp268556.sitebeat.crazydomains.com,0,0,0,0,0,0,0,0,0,1,1,1,0,1,1,0,0.0,1
ebonyestates.com,0,1,1,6,0,0,0,0,0,1,0,1,1,1,1,0,0.0,1
visualprowessproductions.com,0,0,0,2,0,0,0,0,0,1,0,1,0,1,1,0,0.0,1
feiralimpanomes.com,0,0,0,1,0,0,0,0,0,1,0,1,1,1,1,0,0.0,1
medinaduabelas-1320008508.cos.ap-tokyo.myqcloud.com,0,0,1,1,0,0,0,1,0,1,0,1,1,1,1,0,0.0,1
t.ly,0,0,0,1,0,0,0,0,0,1,0,1,0,1,1,0,0.0,1
pub-bf620c22b6e3491996185a3802ee06d9.r2.dev,0,0,1,1,0,0,0,1,0,1,0,1,1,1,1,0,0.0,1
vsdjbrej.top,0,0,0,0,0,0,0,0,0,1,0,1,1,1,1,1,0.0,1
cw94861.tw1.ru,0,0,0,3,0,0,0,0,0,1,0,1,1,1,1,1,0.0,1
lclsettings-vxds.web.app,0,0,0,0,0,0,0,1,0,1,1,1,1,1,1,0,0.0,1
hotmail-106879.weeblysite.com,0,0,0,0,0,0,0,1,0,1,1,1,1,1,1,1,0.0,1
ipfs.eth.aragon.network,0,0,1,2,0,0,0,0,0,1,1,1,1,1,1,1,0.0,1
gmxupdate360gw77sb7.wixsite.com,0,0,0,1,0,0,0,0,1,1,1,1,0,1,1,0,,1
arraialimpanome.online.sejaexclusivo.online,0,0,1,1,0,0,0,0,0,1,0,0,1,1,1,1,0.0,1
lhzfpayjma.duckdns.org,0,0,0,0,0,0,0,0,0,1,1,1,1,1,1,1,0.0,1
cf-ipfs.com,0,0,1,2,0,0,0,1,0,1,0,1,0,1,1,0,0.0,1
cookiecasino.online,0,0,1,4,0,0,0,0,0,1,0,0,1,1,1,0,0.0,1
fl-postoffice.com,0,0,0,2,0,0,0,1,0,1,0,1,0,1,1,0,0.0,1
linkedin.com,0,0,0,1,0,0,0,0,0,1,1,1,0,1,1,0,0.0,1
help-center343.crabdance.com,0,0,0,1,0,0,0,1,0,1,0,0,1,1,1,1,0.0,1
at-t-yahoo.sitey.me,0,0,0,0,0,0,0,1,0,1,0,1,0,1,1,0,0.0,1
dmariket.pro,0,0,0,1,0,0,0,0,0,1,0,1,1,1,1,1,0.0,1
bafybeibp3rkdbtxtt6atfwja2ffej6dnj7fujw3ngzj35qb7gz4efkqu7q.ipfs.cf-ipfs.com,0,0,1,0,0,0,0,1,0,1,0,1,0,1,1,0,0.0,1
ch73675.tw1.ru,0,0,0,1,0,0,0,0,0,1,0,1,1,1,1,1,0.0,1
infura-ipfs.io,0,0,1,2,0,0,0,1,0,1,1,0,1,1,1,0,0.0,1
ipfs.io,0,0,1,2,0,0,0,0,0,1,0,1,1,1,1,0,0.0,1
cholesterol.casemakeup.site,0,0,0,0,0,0,0,0,0,1,1,1,1,1,1,1,0.0,1
paywisehq.com,0,0,1,0,0,0,0,0,0,1,0,1,1,1,1,1,0.0,1
daskwv.icu,0,0,0,0,0,0,0,0,0,1,0,1,1,1,1,1,0.0,1
pub-10affc7d98614b899342ca9e4f65baa0.r2.dev,0,0,1,1,0,0,0,1,0,1,0,1,1,1,1,0,0.0,1
bell-107016.weeblysite.com,0,0,0,0,0,0,0,1,0,1,1,1,1,1,1,1,0.0,1
usps-missed-redelivered.web.app,0,0,0,0,0,0,0,1,0,1,1,1,1,1,1,0,0.0,1
ouenzamiragita.wpenginepowered.com,0,0,0,0,0,0,0,0,1,1,1,1,1,1,1,0,,1
document-filereview.myportfolio.com,0,0,0,0,0,0,0,1,0,1,1,1,0,1,1,0,0.0,1
fc6c6b18-e212-4e14-b754-02600c440826.id.repl.co,0,0,1,0,0,0,0,1,0,1,1,1,1,1,1,0,0.0,1
direct.smbe.co.jp.clcpc.com,0,0,0,0,0,0,0,0,0,1,0,0,1,1,1,1,0.0,1
attmailboxxwes1.wixsite.com,0,0,0,1,0,0,0,0,1,1,1,1,0,1,1,0,,1
ipfs.io,0,0,1,2,0,0,0,0,0,1,0,1,1,1,1,0,0.0,1
sfh.usuaiaban.repl.co,0,0,0,0,0,0,0,0,0,1,1,1,1,1,1,1,0.0,1
allegrol0kalnie.65756541.xyz,0,0,1,3,0,0,0,0,0,1,1,1,1,1,1,1,0.0,1
bafybeie5o5qf7ca5yg2blfneppioegbbfqf5lebl4o7thhz3pbnrfq67ye.ipfs.cf-ipfs.com,0,0,1,0,0,0,0,1,0,1,0,1,0,1,1,0,0.0,1
p10.173-44-141-181.cprapid.com,0,0,0,0,0,0,0,1,0,1,0,1,1,1,1,0,0.0,1
bafybeiafph6hwa5bpehbj7go5zljz36xqm6mlkglqrwyp4s46jikvnz4ge.ipfs.cf-ipfs.com,0,0,1,0,0,0,0,1,0,1,0,1,1,1,1,0,0.0,1
cnxu.sumtotal.host,0,0,1,3,0,0,0,0,0,1,1,1,1,1,1,0,0.0,1
cf-ipfs.com,0,0,1,2,0,0,0,1,0,1,0,1,0,1,1,0,0.0,1
sbbconnect.website,0,0,1,3,0,0,0,0,0,1,1,1,1,1,1,1,1.0,1
beneficiodopovo.com,0,0,0,1,0,0,0,0,0,1,0,0,0,1,1,0,0.0,1
thevinylspectrum.com,0,1,1,2,0,0,0,0,0,1,0,0,0,1,1,0,0.0,1
43.159.37.67,0,0,1,3,0,0,0,0,0,1,1,1,0,1,1,0,0.0,1
airbooks-l.web.app,0,0,0,0,0,0,0,1,0,1,1,1,1,1,1,0,0.0,1
mail.rakstex.us,0,0,0,0,0,0,0,0,0,1,0,1,1,1,1,1,0.0,1
ipfs.io,0,0,1,2,0,0,0,0,0,1,0,1,1,1,1,0,0.0,1
amadeusz.agataadriana.pl,0,1,1,2,0,0,0,0,0,1,0,1,1,1,1,1,0.0,1
docs.google.com,0,0,1,5,0,0,0,0,0,1,1,1,1,1,1,0,0.0,1
uspdj.shop,0,0,0,2,0,0,0,0,0,1,0,1,1,1,1,1,0.0,1
denvacarrie46.wixsite.com,0,0,0,1,0,0,0,0,1,1,1,1,0,1,1,0,,1
inversioneshyl.com,0,0,1,1,0,0,0,0,1,1,1,1,1,1,1,1,,1
moodystrust.online,0,0,0,0,0,0,0,0,0,1,0,0,1,1,1,1,0.0,1
auto-czarnecki.pl,0,0,0,0,0,0,0,1,0,1,0,1,1,1,1,1,0.0,1
colchoesma.blogspot.com,0,0,0,0,0,0,1,0,1,1,1,1,0,1,1,0,,1
35467867564635--96217386123.repl.co,0,0,0,0,0,0,0,1,0,1,1,1,1,1,1,0,0.0,1
dlrect-smtb.jp.ap1.ib.philipmwilson.com,0,0,0,0,0,0,0,1,0,1,0,0,1,1,1,1,0.0,1
ah13r5e1h3fd5.cyou,0,0,0,0,0,0,0,0,0,1,1,1,1,1,1,1,0.0,1
multisyncconnect.netlify.app,0,0,0,1,0,0,0,0,0,1,1,1,1,1,1,0,0.0,1
hsglobal-view.com,0,0,0,0,0,0,0,1,0,1,0,1,1,1,1,1,0.0,1
cloudflare-ipfs.com,0,0,1,2,0,0,0,1,0,1,0,1,1,1,1,0,0.0,1
bit.ly,0,0,0,1,0,0,1,0,0,1,0,1,0,1,1,0,0.0,1
up02-02oapsza2.shopalo.co.pl,0,0,1,4,0,0,0,1,1,1,1,1,1,1,1,1,,1
8dhb59.csb.app,0,0,0,0,0,0,0,0,0,1,0,1,1,1,1,0,0.0,1
cloudflare-ipfs.com,0,0,1,3,1,0,0,1,0,1,0,1,0,1,1,0,0.0,1
nftstorage.link,0,0,1,2,0,0,0,0,0,1,0,0,1,1,1,0,0.0,1
resserban.gaviria.repl.co,0,0,0,0,0,0,0,0,0,1,1,1,1,1,1,1,0.0,1
cloudflare-ipfs.com,0,0,1,2,0,0,0,1,0,1,0,1,0,1,1,0,0.0,1
bafybeieptl2wg6tjxbgufgxojbdauhf4v2ngt7xsh465bpujxv4uuxwc34.ipfs.infura-ipfs.io,0,0,1,1,0,0,0,1,0,1,1,0,1,1,1,0,0.0,1
xspdzvrson.duckdns.org,0,0,0,0,0,0,0,0,0,1,1,1,1,1,1,1,0.0,1
script.google.com,0,0,1,4,0,0,0,0,0,1,1,1,1,1,1,0,0.0,1
ipfs.eth.aragon.network,0,0,1,2,0,0,0,0,0,1,1,1,1,1,1,0,0.0,1
csuz.cafe,0,0,0,0,0,0,0,0,0,1,1,1,1,1,1,1,0.0,1
arweave.net,0,1,1,1,0,0,0,0,0,1,0,0,1,1,1,0,0.0,1
pub-aa29fe807e6649b3a027ac6625908aff.r2.dev,0,0,1,1,0,0,0,1,0,1,0,1,1,1,1,0,0.0,1
ticket-c421c.web.app,0,0,0,0,0,0,0,1,0,1,1,1,1,1,1,0,0.0,1
yanz9.jimdosite.com,0,0,0,0,0,0,0,0,0,1,0,1,1,1,1,0,0.0,1
sites.google.com,0,0,0,3,0,0,0,0,0,1,1,1,0,1,1,0,0.0,1
grupwas7k8jac.seskun.my.id,0,0,1,2,0,0,0,0,0,1,0,1,1,1,1,1,0.0,1
bafybeihiwi6ejtridlgf2vc5f3gl6t7ctrw454hvs4mtzodq53wdclc5la.ipfs.cf-ipfs.com,0,1,1,0,0,0,0,1,0,1,0,1,0,1,1,0,0.0,1
tshost.com.br,0,0,0,0,0,0,1,0,0,1,1,1,0,1,1,0,0.0,1
anz1.securebanking-au.com,0,0,0,1,0,0,0,1,0,1,0,1,1,1,1,1,0.0,1
taxgovgr-info.firebaseapp.com,0,0,0,0,0,0,0,1,1,1,1,1,1,1,1,0,,1
mynabarcerd.point.soumu.jq.psc1.info,0,0,0,0,0,0,0,0,0,1,0,1,1,1,1,1,0.0,1
tunahrtjanzak9.web.app,0,0,0,0,0,0,0,0,0,1,1,1,0,1,1,0,0.0,1
nbv.clysor.top,0,0,0,0,0,0,0,0,0,1,1,1,1,1,1,1,0.0,1
virgin-media-108816.weeblysite.com,0,0,0,0,0,0,0,1,0,1,1,1,1,1,1,1,0.0,1
docs.google.com,0,0,1,5,0,0,0,0,0,1,1,1,0,1,1,0,0.0,1
ipfs.eth.aragon.network,0,0,1,2,0,0,0,0,0,1,1,1,0,1,1,0,0.0,1
yahoo-mail-101742.weeblysite.com,0,0,0,0,0,0,0,1,0,1,1,1,1,1,1,1,0.0,1
view-myservice-subsciption.com,0,0,0,0,0,0,0,1,0,1,0,1,1,1,1,1,0.0,1
payexio.com,0,0,0,0,0,0,0,0,0,1,0,1,1,1,1,1,0.0,1
lstu.fr,0,0,0,1,0,0,0,0,0,1,0,0,1,1,1,0,0.0,1
nervousfrillyapache.zonawebcliente.repl.co,0,0,0,0,0,0,0,0,0,1,1,1,1,1,1,1,0.0,1
kueronekayaeatn-co-jp.kueroaakayacoto.biteneng.top,0,0,1,1,0,0,0,1,0,1,1,1,1,1,1,1,0.0,1
cloudflare-ipfs.com,0,0,1,3,0,0,0,1,0,1,0,1,1,1,1,0,0.0,1
empresafun.com,0,0,0,0,0,0,0,0,1,1,1,1,1,1,1,1,,1
reativepontos.com,0,0,0,0,0,0,0,0,0,1,0,0,1,1,1,1,0.0,1
counterstrike-2beta.com,0,0,0,1,0,0,0,1,0,1,0,1,1,1,1,1,0.0,1
ipfs.eth.aragon.network,0,0,1,3,0,0,0,0,0,1,1,1,1,1,1,0,0.0,1
bafybeidapv2ekgj6cpuqnerrcweurd2glbrifrsszlm47dyym5xbfnlg54.ipfs.cf-ipfs.com,0,0,1,1,1,0,0,1,0,1,0,1,0,1,1,0,0.0,1
bhgrhvz.onedumb.com,0,0,0,0,0,0,0,0,0,1,0,0,1,1,1,1,0.0,1
incluvip.tensplens.com,0,0,0,1,0,0,0,0,0,1,0,0,1,1,1,1,0.0,1
urlz.fr,0,0,0,1,0,0,0,0,0,1,0,1,0,1,1,0,0.0,1
new.express.adobe.com,0,0,0,2,0,0,0,0,0,1,1,1,0,1,1,0,0.0,1
gateway.ipfs.io,0,0,1,2,0,0,0,0,0,1,0,1,1,1,1,0,0.0,1
amazon-xzrhnag.mynetav.com,0,0,0,0,0,0,0,1,0,1,0,1,1,1,1,1,0.0,1
ipfs.io,0,0,1,3,0,0,0,0,0,1,0,1,1,1,1,0,0.0,1
wowamw.com,0,0,0,3,0,0,0,0,0,1,0,0,1,1,1,0,0.0,1
powerplaycorp.us-iad-1.linodeobjects.com,0,0,1,1,0,0,0,1,0,1,0,1,1,1,1,0,0.0,1
themindfulspine.com,0,0,0,0,0,0,0,0,0,1,1,1,0,1,1,0,0.0,1
bafybeiatrh2kn45yeadringzarnf4bkb25r7qfzxnfhaljn63gjuc4moum.ipfs.dweb.link,0,0,1,0,0,0,0,0,0,1,0,0,1,1,1,0,0.0,1
usps-add005.top,0,0,0,2,0,0,0,1,0,1,0,1,1,1,1,1,0.0,1
v3054626-frxa5etodygn.demo079.volusion.com,0,0,1,2,0,0,0,1,0,1,0,1,1,1,1,0,0.0,1
breezy-pattern-index.glitch.me,0,0,0,1,0,0,0,1,0,1,1,1,1,1,1,0,0.0,1
meta-business-294818729342.web.app,0,0,0,0,0,0,0,1,0,1,1,1,1,1,1,0,0.0,1
bafkreigxbcyyfeyae72uxpudn4ggkhkvmfazvjcg37yzokcy5ae6c2cy4q.ipfs.nftstorage.link,0,0,1,0,0,0,0,0,0,1,0,0,1,1,1,0,0.0,1
vnkpre.webwave.dev,0,0,0,0,0,0,0,0,0,1,0,0,1,1,1,0,0.0,1
koodakmanoto.com,0,0,1,5,0,0,0,0,0,1,0,1,1,1,1,1,0.0,1
x.gd,0,0,0,1,0,0,0,0,0,1,1,1,0,1,1,0,0.0,1
chasuppa.duckdns.org,0,0,0,0,0,0,0,0,0,1,1,1,1,1,1,0,0.0,1
209.209.115.136,0,0,0,0,0,0,0,0,0,1,1,1,1,1,1,1,0.0,1
hotmail-109686.square.site,0,0,0,0,0,0,0,1,0,1,1,1,1,1,1,1,0.0,1
lqi83h.webwave.dev,0,0,0,0,0,0,0,0,0,1,0,0,1,1,1,0,0.0,1
cs2-sourcesinvitess.com,0,0,0,1,0,0,0,1,0,1,0,1,1,1,1,1,0.0,1
businsess-appeal-id-031241.web.app,0,0,0,0,0,0,0,1,0,1,1,1,1,1,1,0,0.0,1
bender.angwozdz.warszawa.pl,0,1,1,2,0,0,0,0,0,1,0,1,1,1,1,1,0.0,1
2help-center-comfimatin2.duckdns.org,0,0,1,1,0,0,0,1,0,1,1,1,1,1,1,1,0.0,1
ipfs.io,0,0,1,2,0,0,0,0,0,1,0,1,1,1,1,0,0.0,1
cy13098.tw1.ru,0,0,0,1,0,0,0,0,0,1,0,1,1,1,1,1,0.0,1
bafybeidw4du6heyjfjqrhjplmy634wgm4zvhwx2x7y5hrcpsmma5ggn7wy.ipfs.infura-ipfs.io,0,0,1,0,0,0,0,1,0,1,1,0,1,1,1,0,0.0,1
mexico1.loginn-busiinees.click,0,0,0,0,0,0,0,1,0,1,1,1,1,1,1,1,0.0,1
economic-economics.otzo.com,0,0,0,0,0,0,0,1,0,1,0,1,1,1,1,1,0.0,1
help-nab.support,0,0,0,0,0,0,0,1,0,1,0,1,1,1,1,1,0.0,1
ewwhs4535.ygto.com,0,0,0,0,0,0,0,0,0,1,0,1,1,1,1,1,0.0,1
dlrect-smtb.jp.ap1.ib.graikzx.com,0,0,0,0,0,0,1,1,0,1,0,0,1,1,1,1,0.0,1
meuacesso-fevereiro2023.com,0,0,1,1,0,0,0,1,0,1,0,0,1,1,1,1,0.0,1
pub-c1d8e548943d4277863ad3db81bd170e.r2.dev,0,0,1,1,0,0,0,1,0,1,0,1,0,1,1,0,0.0,1
t.co,0,0,0,1,0,0,1,0,0,1,0,1,0,1,1,0,0.0,1
pub-2d1295c273aa4873a687ffc396eed8ee.r2.dev,0,0,1,1,0,0,0,1,0,1,0,1,0,1,1,0,0.0,1
sn.jwdshanga.xyz,0,0,0,0,0,0,0,0,0,1,1,1,1,1,1,1,1.0,1
wwxhajudjgwjklckvzgs9.firebaseapp.com,0,0,0,0,0,0,0,0,1,1,1,1,0,1,1,0,,1
omegasworlds.omegasproo.repl.co,0,0,0,0,0,0,0,0,0,1,1,1,1,1,1,1,0.0,1
sites.google.com,0,0,0,2,0,0,0,0,0,1,1,1,0,1,1,1,0.0,1
redirectioncase9134024.firebaseapp.com,0,0,0,0,0,0,0,0,1,1,1,1,1,1,1,0,,1
keen-shaw.198-38-88-89.plesk.page,0,0,1,4,0,0,0,1,0,1,1,1,1,1,1,1,0.0,1
43.134.167.94,0,0,1,1,1,0,0,0,0,1,1,1,1,1,1,1,0.0,1
jiomartshops.in,0,0,0,0,0,0,0,0,0,1,0,0,1,1,1,1,0.0,1
doreenreid.com,0,0,0,0,0,0,0,0,1,1,1,1,1,1,1,1,,1
hm.ru,0,0,0,1,0,0,0,0,0,1,0,1,0,1,1,0,0.0,1
zeyne.000webhostapp.com,0,0,0,0,0,0,0,0,0,1,0,1,0,1,1,0,0.0,1
umodfplsuf.duckdns.org,0,0,0,0,0,0,0,0,0,1,1,1,1,1,1,1,0.0,1
ipfs.runfission.com,0,0,1,2,0,0,0,0,0,1,0,1,0,1,1,0,0.0,1
oilp-1d51f.web.app,0,0,0,0,0,0,0,1,0,1,1,1,1,1,1,0,0.0,1
dnf1n5.webwave.dev,0,0,0,0,0,0,0,0,0,1,0,0,1,1,1,0,0.0,1
btconnect.servcligp.repl.co,0,0,0,0,0,0,0,0,0,1,1,1,1,1,1,1,0.0,1
hotmail-104081.weeblysite.com,0,0,0,0,0,0,0,1,0,1,1,1,1,1,1,1,0.0,1
bafybeifbl2jiawyiafklwv3luxaijs4rb3fdb5urelatfryxdmjzhilopy.ipfs.cf-ipfs.com,0,0,1,1,0,0,0,1,0,1,0,1,0,1,1,0,0.0,1
u6af41.webwave.dev,0,0,0,0,0,0,0,0,0,1,0,0,1,1,1,0,0.0,1
sjdan545aghjh.work.gd,0,0,0,2,0,0,0,0,0,1,1,1,1,1,1,1,0.0,1
vr.onfineby.click,0,0,0,0,0,0,0,0,0,1,1,1,1,1,1,1,0.0,1
cloudflare-ipfs.com,0,0,1,2,0,0,0,1,0,1,0,1,1,1,1,0,0.0,1
help-center100.crabdance.com,0,0,0,1,0,0,0,1,0,1,0,0,1,1,1,1,0.0,1
deregenbooglievegem.be,0,0,1,5,0,0,0,0,0,1,1,1,0,1,1,0,0.0,1
site9611368.92.webydo.com,0,0,0,0,0,0,0,0,0,1,0,1,1,1,1,0,0.0,1
bafybeia4ssqfhhks3to6dlgnq73priozxf2swichtetflsfi37f3atrbke.ipfs.dweb.link,0,0,1,1,0,0,0,0,0,1,0,0,1,1,1,0,0.0,1
departamentoparala--seguridadbisas.repl.co,0,0,0,0,0,0,0,1,0,1,1,1,1,1,1,0,0.0,1
senecaedizioni-1316850103.cos.eu-frankfurt.myqcloud.com,0,0,1,1,0,0,0,1,0,1,0,1,1,1,1,0,0.0,1
pancake-frontend-dejmy38ut-chefilip.vercel.app,0,0,0,0,0,0,0,1,0,1,1,1,0,1,1,0,0.0,1
bafybeiguhlphqo2ssaqm5iflqnmzjutylzrjthjmonsf7ox3nnpmper5nq.ipfs.cf-ipfs.com,0,0,1,0,0,0,0,1,0,1,0,1,1,1,1,0,0.0,1
issueapealformefeedback.web.app,0,0,0,0,0,0,0,0,0,1,1,1,1,1,1,0,0.0,1
nftstorage.link,0,0,1,2,0,0,0,0,0,1,0,0,1,1,1,0,0.0,1
krzysztofgaw.lenamaja.pl,0,1,1,2,0,0,0,0,0,1,0,1,1,1,1,1,0.0,1
tinyurl.com,0,0,0,1,0,0,1,0,0,1,0,1,1,1,1,0,0.0,1
doc-0sign.firebaseapp.com,0,0,0,0,0,0,0,1,1,1,1,1,1,1,1,0,,1
nhanquafreefire.gerana.io.vn,0,0,0,0,0,0,0,0,0,1,1,1,1,1,1,1,0.0,1
email.mail3.smartrmail.co,0,0,1,2,0,0,0,0,0,1,0,0,1,1,1,0,0.0,1
help-id-28716762458703.firebaseapp.com,0,0,0,0,0,0,0,1,1,1,1,1,1,1,1,0,,1
centro-activation-metaa.liveblog365.com,0,0,0,0,0,0,0,1,0,1,0,0,1,1,1,0,0.0,1
gateway.ipfs.io,0,0,1,2,0,0,0,0,0,1,0,1,1,1,1,0,0.0,1
esssschhh.blogspot.com,0,0,0,0,0,0,1,0,1,1,1,1,1,1,1,0,,1
webmail-105715.weeblysite.com,0,0,0,0,0,0,0,1,0,1,1,1,1,1,1,1,0.0,1
bio.site,0,0,0,1,0,0,0,0,0,1,1,1,0,1,1,0,0.0,1
infura-ipfs.io,0,0,1,3,0,0,0,1,0,1,1,0,1,1,1,0,0.0,1
insightmatrixpage.firebaseapp.com,0,0,0,0,0,0,0,0,1,1,1,1,1,1,1,0,,1
pepperprintonline.com,0,0,1,2,0,0,0,0,0,1,0,1,1,1,1,1,0.0,1
pangolin-asset.com,0,0,0,0,0,0,1,1,0,1,0,1,1,1,1,1,0.0,1
americanasapp23.com,0,0,0,2,0,0,0,0,0,1,0,0,1,1,1,1,0.0,1
eduardo.bmatelski.com.pl,0,1,1,2,0,0,0,0,0,1,0,1,1,1,1,1,0.0,1
shop-dpd.8675532.xyz,0,0,0,3,0,0,0,1,0,1,0,0,1,1,1,1,0.0,1
bafybeibjwf67ygzhtjykve7oxvfm7thaqi3uqowqhy3ehpd3tzfpjqeneq.ipfs.cf-ipfs.com,0,0,1,1,0,0,0,1,0,1,0,1,1,1,1,0,0.0,1
ofgem-ukportal.com,0,0,0,0,0,0,0,1,0,1,0,1,1,1,1,0,0.0,1
beacons.ai,0,0,0,1,0,0,0,0,0,1,1,1,0,1,1,0,0.0,1
paxful-save.us,0,0,0,0,0,0,0,1,0,1,0,1,1,1,1,1,0.0,1
ubeaatsee.com.aayy000.top,0,0,0,0,0,0,0,0,0,1,0,0,1,1,1,1,0.0,1
98-71-131-97.cprapid.com,0,0,1,3,0,0,0,1,0,1,0,1,1,1,1,1,0.0,1
help-center244.crabdance.com,0,0,0,1,0,0,0,1,0,1,1,1,1,1,1,1,0.0,1
urlz.fr,0,0,0,1,0,0,0,0,0,1,0,1,1,1,1,0,0.0,1
sp838969.sitebeat.crazydomains.com,0,0,0,0,0,0,0,0,0,1,1,1,0,1,1,0,0.0,1
amazon-gfhtyikyu.mrbasic.com,0,0,0,0,0,0,0,1,0,1,0,1,1,1,1,1,0.0,1
bankjuliusbaer.tbs.aon.com,0,0,0,0,0,0,0,0,0,1,1,0,0,1,1,0,0.0,1
autostadler.com,0,0,0,0,0,0,0,0,0,1,0,1,0,1,1,0,0.0,1
hidden-waterfall-7ca9.6f8ox4my.workers.dev,0,0,0,0,0,0,0,1,0,1,1,1,0,1,1,0,0.0,1
fewgsfsaf.mrslove.com,0,0,0,0,0,0,0,0,0,1,0,1,1,1,1,1,0.0,1
post.com.l6avvl1m9qfavwecvi10.bow11frp.club,0,0,1,1,0,0,1,0,0,1,1,1,1,1,1,0,1.0,1
bafybeig3ev7fnjp6yf27eeln3zivayvjctvkuor4tppzou3tpttzgppmqu.ipfs.nftstorage.link,0,0,1,1,0,0,0,0,0,1,0,0,1,1,1,0,0.0,1
orz.endics.top,0,0,0,0,0,0,0,0,0,1,1,1,1,1,1,1,0.0,1
site9611614.92.webydo.com,0,0,0,0,0,0,0,0,0,1,1,1,1,1,1,0,0.0,1
dev-banco-fassil22.pantheonsite.io,0,0,0,0,0,0,0,1,0,1,1,1,1,1,1,0,0.0,1
cf-ipfs.com,0,0,1,3,0,0,0,1,0,1,0,1,0,1,1,0,0.0,1
auth01-m.web.app,0,0,0,0,0,0,0,1,0,1,1,1,1,1,1,0,0.0,1
paymentnotificationnow.blogspot.com,0,0,0,0,0,0,1,0,1,1,1,1,1,1,1,0,,1
docs.google.com,0,0,1,4,0,0,0,0,0,1,1,1,1,1,1,0,0.0,1
onedrivefiles89.web.app,0,0,0,0,0,0,0,0,0,1,1,1,1,1,1,0,0.0,1
managehosting.arearuba.46-19-68-144.cprapid.com,0,0,1,0,0,0,0,1,0,1,0,1,1,1,1,1,0.0,1
secure-runescape.xgm.rnp.mybluehost.me,0,0,0,0,0,0,0,1,0,1,0,1,1,1,1,0,0.0,1
aryt5s.icu,0,0,0,0,0,0,0,0,0,1,0,1,1,1,1,1,0.0,1
xn--80afebpjirbntcmo.xn--p1ai,0,0,1,4,0,0,0,1,0,1,1,1,0,1,1,0,0.0,1
hostpoint.kongsten.no,0,0,0,2,0,0,0,0,0,1,1,1,1,1,1,1,0.0,1
irs-government-taxes.resume7.xyz,0,0,0,0,0,0,0,1,0,1,0,1,1,1,1,1,0.0,1
sh8mnq.cyou,0,0,0,0,0,0,0,0,0,1,1,1,1,1,1,1,0.0,1
conceptlive.in,0,0,0,4,0,0,0,0,0,1,0,0,1,1,1,1,0.0,1
pichinchax.sistema2.repl.co,0,0,0,0,0,0,0,0,0,1,1,1,1,1,1,0,0.0,1
05-03-v9-e95hrg-8wegfq0-cv0w84gf-0w8gf-8gf.obs.ap-southeast-3.myhuaweicloud.com,0,0,1,1,0,0,0,1,0,1,0,1,1,1,1,0,0.0,1
gilda.celmierowski.nieruchomosci.pl,0,1,1,2,0,0,0,0,0,1,0,1,1,1,1,1,0.0,1
outlook-106603.weeblysite.com,0,0,0,0,0,0,0,1,0,1,1,1,1,1,1,1,0.0,1
new.express.adobe.com,0,0,0,2,0,0,0,0,0,1,1,1,0,1,1,0,0.0,1
login.733326.com,0,0,0,2,0,0,0,0,0,1,1,1,1,1,1,1,1.0,1
spintechnos.com,0,0,0,1,0,0,0,0,0,1,1,1,1,1,1,0,0.0,1
miamiappellatelawyer-1318334846.cos.ap-tokyo.myqcloud.com,0,0,1,1,0,0,0,1,0,1,0,1,1,1,1,0,0.0,1
pub-c134e2758516445cb8537357d17ce4dc.r2.dev,0,0,1,1,0,0,0,1,0,1,0,1,1,1,1,0,0.0,1
rwbby-18ae0.web.app,0,0,0,0,0,0,0,1,0,1,1,1,1,1,1,0,0.0,1
africarisesafaris.com,0,0,0,0,0,0,0,0,0,1,0,1,0,1,1,0,0.0,1
bafybeicz3pj3jehzimdo73pcjlslxosgpln3lydevrfgqm22vedkhyuam4.ipfs.cf-ipfs.com,0,0,1,0,0,0,0,1,0,1,0,1,0,1,1,0,0.0,1
cloudflare-ipfs.com,0,0,1,2,0,0,0,1,0,1,0,1,1,1,1,0,0.0,1
page-service-center-en-us.github.io,0,0,0,1,0,0,0,1,0,1,1,1,1,1,1,0,0.0,1
ipfs.io,0,0,1,3,0,0,0,0,0,1,0,1,1,1,1,0,0.0,1
fbsupport-100032423423423.firebaseapp.com,0,0,0,0,0,0,0,1,1,1,1,1,0,1,1,0,,1
zany-amazing-salt.glitch.me,0,0,1,2,0,0,0,1,0,1,1,1,1,1,1,0,0.0,1
ciitlab.elfak.ni.ac.rs,0,0,1,2,0,0,0,0,0,1,1,1,1,1,1,1,0.0,1
pocketcacd.co.jp.drgugb.top,0,0,1,2,0,0,0,0,0,1,1,1,1,1,1,1,0.0,1
5n002ad8j5.live,0,0,1,1,0,0,0,0,0,1,1,1,1,1,1,1,0.0,1
bafybeigteonk54ju5knuwoz2ben25tgeunp2jjuefbr4eq5no45ycezdva.ipfs.dweb.link,0,0,1,0,0,0,0,0,0,1,0,0,1,1,1,0,0.0,1
deep.forexworldoffim.repl.co,0,0,0,0,0,0,0,0,0,1,1,1,1,1,1,1,0.0,1
a9da233d-ff89-43da-928b-0005e632cb22.id.repl.co,0,0,1,0,0,0,0,1,0,1,1,1,1,1,1,0,0.0,1
svargast.melonwoodhomes.com,0,0,0,0,0,0,0,0,0,1,1,1,1,1,1,0,0.0,1
infura-ipfs.io,0,0,1,2,0,0,0,1,0,1,1,0,1,1,1,0,0.0,1
koyamatou-co.aio.intelligentpower.com.cn,0,0,0,0,0,0,0,1,1,1,1,1,1,1,1,1,,1
brave-lederberg.35-193-189-124.plesk.page,0,0,1,1,0,0,0,1,0,1,1,1,1,1,1,1,0.0,1
kaliteserverip.com,0,0,0,0,0,0,0,0,0,1,0,1,0,1,1,0,0.0,1
gfdhdfuyh.vizvaz.com,0,0,0,0,0,0,0,0,0,1,0,1,1,1,1,1,0.0,1
pub-f963d29c502142f5b94ff4877a2f8df5.r2.dev,0,0,1,1,0,0,0,1,0,1,0,1,1,1,1,0,0.0,1
49.51.43.12,0,0,1,1,1,0,0,0,0,1,1,1,0,1,1,0,0.0,1
car--puntarental.repl.co,0,0,0,1,0,0,0,1,0,1,1,1,1,1,1,0,0.0,1
tytkdse4uj.mefound.com,0,0,0,1,0,0,0,0,0,1,0,0,1,1,1,1,0.0,1
video3w.com,0,0,0,0,0,0,0,0,0,1,0,0,1,1,1,0,0.0,1
a0840073.xsph.ru,0,0,1,3,0,0,0,0,0,1,0,1,1,1,1,0,0.0,1
4everland.io,0,0,1,2,0,0,0,0,0,1,0,1,1,1,1,0,0.0,1
fewghrfa.2waky.com,0,0,0,0,0,0,0,0,0,1,0,0,1,1,1,1,0.0,1
paxfulvip.vip,0,0,0,0,0,0,0,0,0,1,1,1,0,1,1,0,0.0,1
ow.ly,0,0,0,1,0,0,1,0,0,1,0,1,0,1,1,1,0.0,1
cloudflare-ipfs.com,0,0,1,2,0,0,0,1,0,1,0,1,1,1,1,0,0.0,1
afestadenatalfeliz.com,0,0,1,5,0,0,0,0,0,1,0,0,1,1,1,1,0.0,1
at-t-mail.sitey.me,0,0,0,0,0,0,0,1,0,1,0,1,0,1,1,0,0.0,1
dev-caonline1.pantheonsite.io,0,0,1,4,0,0,0,1,0,1,1,1,1,1,1,0,0.0,1
oneringnetworksjobs-dot-inlaid-micron-380216.uk.r.appspot.com,0,0,1,0,0,0,1,1,1,1,1,1,1,1,1,0,,1
dbspaylah.vin,0,0,0,0,0,0,0,0,0,1,1,1,1,1,1,1,0.0,1
webmail-100731.weeblysite.com,0,0,0,0,0,0,0,1,0,1,1,1,1,1,1,1,0.0,1
nftstorage.link,0,0,1,2,0,0,0,0,0,1,0,0,1,1,1,0,0.0,1
newyear2023.xn--napth-351b.vn,0,0,0,0,0,0,0,1,0,1,1,1,0,1,1,0,0.0,1
godsshocker.web.app,0,0,0,0,0,0,0,0,0,1,1,1,1,1,1,0,0.0,1
cloudflare-ipfs.com,0,0,1,2,0,0,0,1,0,1,0,1,0,1,1,0,0.0,1
auta-handei.pl,0,0,0,1,0,0,0,1,0,1,0,1,1,1,1,1,0.0,1
mywebmail-4238849.web.app,0,0,0,0,0,0,0,1,0,1,1,1,1,1,1,0,0.0,1
smbc-lthaa.shop,0,0,0,0,0,0,0,1,0,1,1,1,1,1,1,1,0.0,1
info.139-144-54-216.cprapid.com,0,0,0,1,0,0,0,1,0,1,0,1,1,1,1,1,0.0,1
vbxcbxrhd.longmusic.com,0,0,0,0,0,0,0,0,0,1,0,0,1,1,1,1,0.0,1
violation-page-issues-5ab20.firebaseapp.com,0,0,0,0,0,0,0,1,1,1,1,1,1,1,1,0,,1
docs.google.com,0,0,1,5,0,0,0,0,0,1,1,1,0,1,1,0,0.0,1
stage.orivet.com,0,1,1,2,0,0,1,0,0,1,0,1,1,1,1,1,0.0,1
jreast.co.jp.card.servicelist.tptj.net,0,0,0,0,0,0,1,0,0,1,0,0,1,1,1,1,0.0,1
sp248916.sitebeat.crazydomains.com,0,0,0,0,0,0,0,0,0,1,1,1,1,1,1,1,0.0,1
ipfs.eth.aragon.network,0,0,1,2,0,0,0,0,0,1,1,1,1,1,1,0,0.0,1
bafybeiaj6ogyxm2kn5x2guczfokmacvhefvepsrpsxuksl75ymbdl2keda.ipfs.cf-ipfs.com,0,0,1,0,0,0,0,1,0,1,0,1,0,1,1,0,0.0,1
cross-webmedia.com,0,0,0,3,0,0,0,1,0,1,0,0,1,1,1,0,0.0,1
uutapptitude.fun,0,0,0,3,0,0,0,0,0,1,1,1,1,1,1,1,0.0,1
ipfs.io,0,0,1,3,0,0,0,0,0,1,0,1,1,1,1,0,0.0,1
cf-ipfs.com,0,0,1,2,0,0,0,1,0,1,0,1,1,1,1,0,0.0,1
43.159.48.238,0,0,1,3,1,0,0,0,0,1,1,1,1,1,1,1,0.0,1
metafb-shf4839.web.app,0,0,0,0,0,0,0,1,0,1,1,1,1,1,1,0,0.0,1
t.co,0,0,0,1,0,0,1,0,0,1,0,1,1,1,1,0,0.0,1
bt-100198.weebly.com,0,0,0,0,0,0,0,1,0,1,0,1,1,1,1,1,0.0,1
bravecto.su,0,0,0,0,0,0,0,0,0,1,0,1,1,1,1,0,0.0,1
toutch55.github.io,0,0,1,2,0,0,0,0,0,1,1,1,1,1,1,0,0.0,1
bafkreial3ypwqb6k33finuvbignmoszrzkgfjykrecivklokijay5pcopq.ipfs.nftstorage.link,0,0,1,0,0,0,0,0,0,1,0,0,1,1,1,0,0.0,1
sucursalsdsfd454.asdwdwed.repl.co,0,0,0,0,0,0,0,0,0,1,1,1,1,1,1,1,0.0,1
wild-haze-9c34.plh8214d8v.workers.dev,0,0,0,0,0,0,0,1,0,1,1,1,0,1,1,0,0.0,1
dishastanerandevu.com,0,0,0,3,0,0,0,0,0,1,0,1,1,1,1,1,0.0,1
frosty-kalam.151-80-13-4.plesk.page,0,0,1,1,0,0,0,1,0,1,1,1,1,1,1,1,0.0,1
51.75.202.243,0,0,0,1,0,0,0,0,0,1,1,1,1,1,1,1,0.0,1
docs.google.com,0,0,1,5,0,0,0,0,0,1,1,1,0,1,1,1,0.0,1
lsfbwebh.com,0,0,0,0,0,0,0,0,1,1,1,1,1,1,1,1,,1
mallexchange.eu,0,0,0,2,0,0,0,0,0,1,1,1,1,1,1,1,0.0,1
app.185-216-71-85.cprapid.com,0,0,0,1,0,0,0,1,0,1,0,1,1,1,1,1,0.0,1
sites.google.com,0,0,0,3,0,0,0,0,0,1,1,1,0,1,1,0,0.0,1
account.smba.hwllvx.cn,0,0,0,0,0,0,0,0,0,1,0,0,1,1,1,1,0.0,1
amazon.mhgwda.top,0,0,0,0,0,0,0,0,0,1,0,1,1,1,1,1,0.0,1
csmoneey.monster,0,0,0,1,0,0,0,0,0,1,1,1,1,1,1,1,0.0,1
sky-106684.square.site,0,0,0,0,0,0,0,1,0,1,1,1,1,1,1,1,0.0,1
wonderful-ramanujan.35-91-133-237.plesk.page,0,0,1,1,0,0,0,1,0,1,1,1,1,1,1,1,0.0,1
cloud-purchase-399b.w9ogeoyl.workers.dev,0,0,1,1,0,0,0,1,0,1,1,1,0,1,1,0,0.0,1
zbzzg2.xyz,0,0,0,0,0,0,0,0,0,1,0,1,1,1,1,1,0.0,1
gsbtest.com,0,0,0,0,0,0,1,0,0,1,0,1,1,1,1,0,0.0,1
napa.hn,0,0,0,0,0,0,0,0,0,1,0,1,0,1,1,0,0.0,1
nftstorage.link,0,0,1,2,0,0,0,0,0,1,0,0,0,1,1,0,0.0,1
meta-advertising-check215047.firebaseapp.com,0,0,0,0,0,0,0,1,1,1,1,1,1,1,1,0,,1
attmail-108099.weeblysite.com,0,0,0,0,0,0,0,1,0,1,1,1,1,1,1,1,0.0,1
bafybeie2eoyydmwnhi4w7ufgflcm3smothyb7qpasna5ryl5xlrzpwncsu.ipfs.4everland.io,0,0,1,1,0,0,0,0,0,1,0,1,1,1,1,0,0.0,1
ipfs.best-practice.se,0,0,1,2,0,0,0,1,0,1,0,1,1,1,1,0,0.0,1
cba-reset-au.com,0,0,0,0,0,0,0,1,0,1,0,1,1,1,1,1,0.0,1
andylopez.com.ar,0,0,0,4,0,0,0,0,0,1,1,1,0,1,1,0,0.0,1
pub-1a282a45be37473684116312dd030cbf.r2.dev,0,0,1,2,0,0,0,1,0,1,0,1,0,1,1,0,0.0,1
meta-for-business-case-dab4a.firebaseapp.com,0,0,0,0,0,0,0,1,1,1,1,1,1,1,1,0,,1
findagain.de,0,0,0,1,0,0,0,0,0,1,1,1,1,1,1,0,0.0,1
rectify-assets-dapps.web.app,0,0,0,0,0,0,0,1,0,1,1,1,0,1,1,0,0.0,1
tos-request-review.web.app,0,0,0,0,0,0,0,1,0,1,1,1,1,1,1,0,0.0,1
ipfs.io,0,0,1,2,0,0,0,0,0,1,0,1,1,1,1,0,0.0,1
bafkreibc7q3epms2gowmc2otjatgcmu7jojwopodlyf63vkgfk33xu5joe.ipfs.infura-ipfs.io,0,0,1,0,0,0,0,1,0,1,1,0,1,1,1,0,0.0,1
pellcal.cl,0,1,0,0,0,0,0,0,0,1,0,0,1,1,1,1,0.0,1
hotmail-109635.weeblysite.com,0,0,0,0,0,0,0,1,0,1,1,1,1,1,1,1,0.0,1
travelinspiration.za.com,0,0,0,3,0,0,0,0,1,1,1,1,1,1,1,1,,1
bafybeieufkg6q6b3iidzm3h6kletopl3ow4wftsg5vgqbq4sidoonp5zdu.ipfs.nftstorage.link,0,0,1,0,0,0,0,0,0,1,0,0,1,1,1,0,0.0,1
is.gd,0,0,0,1,0,0,1,0,0,1,1,1,1,1,1,0,0.0,1
livelo-programa-de-recompensas.brazilsouth.cloudapp.azure.com,0,0,1,0,0,0,0,1,0,1,1,1,1,1,1,1,0.0,1
wh284c.webwave.dev,0,0,0,0,0,0,0,0,0,1,0,0,1,1,1,0,0.0,1
cf-ipfs.com,0,0,1,3,0,0,0,1,0,1,0,1,1,1,1,0,0.0,1
khakianchoredline.cnico24142.repl.co,0,0,0,0,0,0,0,0,0,1,1,1,1,1,1,1,0.0,1
scottelectricalsolution.com,0,0,0,1,1,0,0,0,0,1,0,0,1,1,1,1,0.0,1
hiuhfutfhiu.2waky.com,0,0,0,0,0,0,0,0,0,1,0,0,1,1,1,1,0.0,1
promehome.com,0,0,1,0,0,0,0,0,0,1,0,1,1,1,1,1,0.0,1
mail-terra-com-br-login.clicketcloud.com,0,0,1,0,0,0,0,1,1,1,1,1,1,1,1,0,,1
confima-datosbn.vastserve.com,0,0,0,1,0,0,0,1,0,1,0,1,1,1,1,0,0.0,1
webmail-104710.weeblysite.com,0,0,0,0,0,0,0,1,0,1,1,1,1,1,1,1,0.0,1
user-olivierclemot.flazio.com,0,0,0,0,0,0,0,1,0,1,0,0,1,1,1,0,0.0,1
pub-a7aa109e9db04b97ba2fc89747a05209.r2.dev,0,0,1,1,0,0,0,1,0,1,0,1,0,1,1,0,0.0,1
excel8-d64bc.firebaseapp.com,0,0,0,0,0,0,0,1,1,1,1,1,1,1,1,0,,1
oed.migracjpl.pl,0,1,0,2,0,0,0,0,0,1,0,1,1,1,1,1,0.0,1
kqizv.top,0,0,0,0,0,0,0,0,0,1,0,1,1,1,1,1,0.0,1
yahoo657.wixsite.com,0,0,0,1,0,0,0,0,1,1,1,1,0,1,1,0,,1
taplink.cc,0,0,0,1,0,0,0,0,0,1,0,1,1,1,1,0,0.0,1
whatisamattwalsh.tk,0,0,0,0,0,0,0,0,0,1,1,1,1,1,1,1,0.0,1
fsgmeta.com,0,0,0,3,0,0,0,0,0,1,1,0,0,1,1,0,1.0,1
vx5be6.webwave.dev,0,0,0,0,0,0,0,0,0,1,0,0,1,1,1,0,0.0,1
smbc-uuk5.shop,0,0,0,0,0,0,0,1,0,1,0,1,1,1,1,1,0.0,1
dqwgergfsd.justdied.com,0,0,0,0,0,0,0,0,0,1,0,0,1,1,1,1,0.0,1
contact-for-case-reply-xj21.firebaseapp.com,0,0,0,0,0,0,0,1,1,1,1,1,1,1,1,0,,1
dik.si,0,0,0,1,0,0,0,0,0,1,0,1,0,1,1,0,0.0,1
cf-ipfs.com,0,0,1,2,0,0,0,1,0,1,0,1,1,1,1,0,0.0,1
hotmail-106139.weeblysite.com,0,0,0,0,0,0,0,1,0,1,1,1,1,1,1,1,0.0,1
pdftocef.firebaseapp.com,0,0,0,0,0,0,0,0,1,1,1,1,1,1,1,0,,1
credem-acc.87-120-37-67.cprapid.com,0,0,0,0,0,0,0,1,0,1,0,1,1,1,1,1,0.0,1
tazminmarket.com,0,0,0,1,0,0,1,0,0,1,0,0,0,1,1,0,0.0,1
cloudflare-ipfs.com,0,0,1,2,0,0,0,1,0,1,0,1,0,1,1,0,0.0,1
etwfdsf.zzux.com,0,0,0,1,0,0,1,0,0,1,0,1,1,1,1,1,0.0,1
direct.smbe.co.jp.zgsh.cloud,0,0,0,0,0,0,0,0,0,1,0,0,1,1,1,1,0.0,1
bi-personas.online1-app.repl.co,0,0,0,0,0,0,0,1,0,1,1,1,1,1,1,1,0.0,1
grtehtrhfs.mrslove.com,0,0,0,0,0,0,0,0,0,1,0,1,1,1,1,1,0.0,1
gateway.pinata.cloud,0,0,1,2,0,0,0,0,0,1,1,1,1,1,1,0,0.0,1
zuui79.csb.app,0,0,0,0,0,0,0,0,0,1,0,1,1,1,1,0,0.0,1
wmylz.com,0,0,0,1,0,0,0,0,0,1,0,1,1,1,1,1,0.0,1
dynamic-deffser.duckdns.org,0,0,0,1,0,0,0,1,0,1,1,1,1,1,1,1,0.0,1
dawn.szczur.warszawa.pl,0,1,1,2,0,0,0,0,0,1,0,1,1,1,1,1,0.0,1
adcd138a-134b-4600-b72c-9ba5b307b367.id.repl.co,0,0,1,0,0,0,0,1,0,1,1,1,1,1,1,0,0.0,1
swapconepoocoin.blogspot.com,0,0,0,0,0,0,1,0,1,1,1,1,0,1,1,0,,1
direct-sntb.aquasolvetech.com,0,0,0,0,0,0,0,1,0,1,1,1,1,1,1,1,0.0,1
vagnercorrea.adv.br,0,0,0,2,0,0,0,0,0,1,1,1,0,1,1,0,0.0,1
lipovei-ct.wp.stdev.ro,0,0,0,2,0,0,0,1,0,1,0,1,1,1,1,1,0.0,1
gvqonmnnut.duckdns.org,0,0,0,0,0,0,0,0,0,1,1,1,1,1,1,0,0.0,1
ssnn.cfd,0,0,0,0,0,0,0,0,0,1,1,1,1,1,1,1,0.0,1
fish.pp9m.in,0,0,1,1,0,0,0,0,0,1,0,0,1,1,1,1,0.0,1
pvx7i9f.duckdns.org,0,0,0,0,0,0,0,0,0,1,1,1,1,1,1,1,0.0,1
sweetteamarketer.com,0,0,0,2,0,0,0,0,0,1,1,1,1,1,1,0,0.0,1
sk0zb0.25u.com,0,0,0,0,0,0,0,0,0,1,0,1,1,1,1,1,0.0,1
bit.ly,0,0,0,1,0,0,1,0,0,1,0,1,0,1,1,0,0.0,1
docs.google.com,0,0,1,5,0,0,0,0,0,1,1,1,0,1,1,0,0.0,1
caseid10089156894156980.firebaseapp.com,0,0,0,0,0,0,0,0,1,1,1,1,1,1,1,0,,1
presskit.cosacommotion.com,0,0,1,4,0,0,1,0,0,1,0,0,1,1,1,1,0.0,1
sites.google.com,0,0,1,3,0,0,0,0,0,1,1,1,0,1,1,1,0.0,1
cf-ipfs.com,0,0,1,3,0,0,0,1,0,1,0,1,0,1,1,0,0.0,1
gateway.lighthouse.storage,0,0,1,2,0,0,0,0,0,1,1,1,0,1,1,0,0.0,1
btcserchange.ru,0,0,0,0,0,0,0,0,0,1,0,1,0,1,1,0,0.0,1
online-servicio.savs1.repl.co,0,0,0,0,0,0,0,1,0,1,1,1,0,1,1,0,0.0,1
jpwetransfer4.firebaseapp.com,0,0,0,0,0,0,0,0,1,1,1,1,1,1,1,0,,1
t.co,0,0,0,1,0,0,1,0,0,1,0,1,0,1,1,1,0.0,1
sp962479.sitebeat.crazydomains.com,0,0,0,0,0,0,0,0,0,1,1,1,1,1,1,1,0.0,1
tmc5799.wixsite.com,0,0,0,1,0,0,0,0,1,1,1,1,0,1,1,0,,1
tele-gram22.cc,0,0,0,0,0,0,0,1,0,1,0,1,1,1,1,1,0.0,1
slfcu73.web.app,0,0,0,0,0,0,0,0,0,1,1,1,1,1,1,0,0.0,1
mail-104925.weeblysite.com,0,0,0,0,0,0,0,1,0,1,1,1,1,1,1,1,0.0,1
bafybeifsmarhvjhsjabd2g5lmhesvkphcoktfnhbyenu2iil46kycinvqy.ipfs.infura-ipfs.io,0,0,1,0,0,0,0,1,0,1,1,0,1,1,1,0,0.0,1
8b765bdb-fcb3-48f4-9136-28e7c5e8891d.id.repl.co,0,0,1,0,0,0,0,1,0,1,1,1,1,1,1,0,0.0,1
shorturl.at,0,0,0,1,0,0,0,0,0,1,1,1,1,1,1,1,0.0,1
etbsgx.webwave.dev,0,0,0,0,0,0,0,0,0,1,0,0,1,1,1,0,0.0,1
syncswap-app.com,0,0,0,0,0,0,0,1,0,1,0,1,1,1,1,1,0.0,1
melodicuselessslo--ajsndaj.repl.co,0,0,0,0,0,0,0,1,0,1,1,1,1,1,1,0,0.0,1
educaircentrefr.firebaseapp.com,0,0,0,0,0,0,0,0,1,1,1,1,1,1,1,0,,1
pdffiller.com,0,0,1,1,0,0,0,0,0,1,1,1,0,1,1,0,0.0,1
mail2.googlle.workers.dev,0,0,0,0,0,0,0,0,0,1,1,1,1,1,1,0,0.0,1
vchfus-p.net,0,0,0,0,0,0,0,1,0,1,1,1,1,1,1,1,1.0,1
at-t-mail-2bf053.webflow.io,0,0,0,0,0,0,0,1,0,1,0,1,1,1,1,0,0.0,1
taplink.cc,0,0,0,1,0,0,0,0,0,1,0,1,1,1,1,0,0.0,1
swisspost.ceskakrypt.repl.co,0,0,0,0,0,0,0,0,0,1,1,1,1,1,1,0,0.0,1
snake-doo6-ixu1.fbxjo1ul4371.workers.dev,0,0,0,0,0,0,0,1,0,1,1,1,0,1,1,0,0.0,1
acwikla.beatabenedyct.pl,0,1,1,2,0,0,0,0,0,1,0,1,1,1,1,1,0.0,1
remondrebezere.web.app,0,0,0,0,0,0,0,0,0,1,1,1,1,1,1,0,0.0,1
chaueir-9794610.cloud-fr1.unispace.io,0,0,1,2,0,0,0,1,0,1,0,1,1,1,1,0,0.0,1
app-dragonest3.ynu8nwat4s-jqp3ve9yl650.p.temp-site.link,0,0,1,0,0,0,0,1,0,1,1,1,1,1,1,0,0.0,1
poczta-polsk.com,0,0,0,0,0,0,0,1,0,1,0,1,1,1,1,1,0.0,1
sbofaeddprepaid.w3spaces.com,0,0,0,0,0,0,0,0,0,1,0,0,0,1,1,0,0.0,1
bafybeicut2gtz2rcrdw2vby4vlndj2ehe7ph64scqtjwjqw6kcpy6esdti.ipfs.cf-ipfs.com,0,0,1,1,0,0,0,1,0,1,0,1,0,1,1,0,0.0,1
gateway.pinata.cloud,0,0,1,2,0,0,0,0,0,1,1,1,1,1,1,0,0.0,1
bi-live-industrial-09.atsnx.com,0,0,0,0,0,0,1,1,0,1,0,1,1,1,1,0,0.0,1
nftstorage.link,0,0,1,2,0,0,0,0,0,1,0,0,0,1,1,0,0.0,1
sp648692.sitebeat.crazydomains.com,0,0,0,0,0,0,0,0,0,1,1,1,1,1,1,1,0.0,1
centro-asistencia.com,0,0,1,0,0,0,0,1,0,1,0,1,1,1,1,0,0.0,1
meta-business-case-78d4d.web.app,0,0,0,0,0,0,0,1,0,1,1,1,1,1,1,0,0.0,1
autenticar-usuario.galicia5oporte.repl.co,0,0,0,0,0,0,0,1,0,1,1,1,1,1,1,1,0.0,1
app-ujicoba.liveblog365.com,0,0,0,0,0,0,0,1,0,1,0,0,1,1,1,0,0.0,1
gateway.pinata.cloud,0,0,1,2,0,0,0,0,0,1,1,1,1,1,1,0,0.0,1
bean.olszewska.nieruchomosci.pl,0,1,1,2,0,0,0,0,0,1,0,1,0,1,1,0,0.0,1
geminilogcn.godaddysites.com,0,0,0,0,0,0,0,0,0,1,1,1,1,1,1,0,0.0,1
gdfgsdthye543698kc.godaddysites.com,0,0,0,0,0,0,0,0,0,1,1,1,1,1,1,0,0.0,1
mufg-ong.asia,0,0,0,2,0,0,0,1,0,1,0,1,1,1,1,1,0.0,1
deli.bz,0,0,0,1,0,0,0,0,0,1,1,1,0,1,1,0,0.0,1
advertise-fb-warrant-10a8e.firebaseapp.com,0,0,0,0,0,0,0,1,1,1,1,1,1,1,1,0,,1
sp697628.sitebeat.crazydomains.com,0,0,0,0,0,0,0,0,0,1,1,1,1,1,1,1,0.0,1
jpostdc.com,0,0,0,0,0,0,0,0,0,1,0,1,1,1,1,1,0.0,1
bgtrfds.ezua.com,0,0,0,0,0,0,0,0,0,1,0,1,1,1,1,1,0.0,1
contact-for-case-reply-dbs2.firebaseapp.com,0,0,0,0,0,0,0,1,1,1,1,1,1,1,1,0,,1
gateway.ipfs.io,0,0,1,3,0,0,0,0,0,1,0,1,1,1,1,0,0.0,1
kundenportal-dkb.is-certified.com,0,0,1,2,0,0,0,1,1,1,1,1,1,1,1,1,,1
pub-fe29ef2e295948efbacdbcfc2435f9df.r2.dev,0,0,1,1,0,0,0,1,0,1,0,1,0,1,1,0,0.0,1
avon-pr.site,0,0,0,0,0,0,0,1,0,1,1,1,1,1,1,0,0.0,1
reviewe-014035.firebaseapp.com,0,0,0,0,0,0,0,1,1,1,1,1,1,1,1,0,,1
meine-pushtan.com,0,0,0,3,0,0,0,1,0,1,0,1,1,1,1,1,0.0,1
momeykite.lffzfx.com,0,0,1,3,0,0,1,0,0,1,0,0,1,1,1,1,0.0,1
bancodobrasil.ethicspoint.eu,0,0,1,3,0,0,0,0,0,1,1,1,0,1,1,0,0.0,1
biiing.net,0,0,1,0,0,0,0,0,0,1,1,1,1,1,1,0,0.0,1
renew-5ccf8.firebaseapp.com,0,0,0,0,0,0,0,1,1,1,1,1,1,1,1,0,,1
log.chambacked.my.id,0,0,0,2,0,0,0,0,0,1,0,1,1,1,1,1,0.0,1
ups-postage.com,0,0,0,0,0,0,0,1,0,1,0,1,1,1,1,1,0.0,1
qontomsg03.web.app,0,0,0,0,0,0,0,0,0,1,1,1,1,1,1,0,0.0,1
kueronekayacotn-co-jp.kuerocekayacoto.gbykac.top,0,0,1,1,0,0,0,1,0,1,1,1,1,1,1,1,0.0,1
cloudflare-ipfs.com,0,0,1,2,0,0,0,1,0,1,0,1,1,1,1,0,0.0,1
ciyesa.com.mx,0,0,0,5,0,0,0,0,0,1,0,1,1,1,1,1,0.0,1
meta-pads.link,0,0,0,0,0,0,0,1,0,1,1,1,1,1,1,1,1.0,1
installmart.com,0,0,0,1,0,0,1,0,0,1,1,1,0,1,1,0,0.0,1
amendegouv.fr,0,0,0,0,0,0,0,0,0,1,0,1,0,1,1,0,0.0,1
jppostut.com,0,0,0,0,0,0,1,0,0,1,0,1,1,1,1,1,0.0,1
b126eso.myraidbox.de,0,0,0,4,0,0,0,0,0,1,1,1,1,1,1,0,0.0,1
file-share-from-rackham-open-folder-view.firebaseapp.com,0,0,1,0,0,0,0,1,1,1,1,1,1,1,1,0,,1
hja-3ef.firebaseapp.com,0,0,0,0,0,0,0,1,1,1,1,1,1,1,1,0,,1
bafybeif3ewo4tpq3ofhiqavjmqsqlejajtuuthhjjjbc3xuglzjpqkkbha.ipfs.cf-ipfs.com,0,0,1,0,0,0,0,1,0,1,0,1,1,1,1,0,0.0,1
suauarchitecture.fr,0,0,1,1,0,0,0,0,0,1,0,0,1,1,1,0,0.0,1
bafybeihccxkg2qcztx2idkyhcvupknnyvxq74y6msquz3zi5bltnrzu6ny.ipfs.infura-ipfs.io,0,0,1,0,0,0,0,1,0,1,1,0,1,1,1,0,0.0,1
cf-ipfs.com,0,0,1,2,0,0,0,1,0,1,0,1,1,1,1,0,0.0,1
sites.google.com,0,0,0,3,0,0,0,0,0,1,1,1,0,1,1,1,0.0,1
promeregalos.com,0,0,0,0,0,0,0,0,0,1,0,1,1,1,1,0,0.0,1
late-sun-975a.kpedhgrt.workers.dev,0,0,0,0,0,0,0,1,0,1,1,1,0,1,1,0,0.0,1
bafybeic3qlagvtwguixqpmaraszi46bxkehb23zmdey2q4ni7xywszb3pm.ipfs.nftstorage.link,0,0,1,1,0,0,0,0,0,1,0,0,1,1,1,0,0.0,1
croisthegame.web.app,0,0,0,0,0,0,0,0,0,1,1,1,1,1,1,0,0.0,1
bogomil.cfprzemo.com.pl,0,1,1,2,0,0,0,0,0,1,0,1,1,1,1,1,0.0,1
dev-itaupyinformetotal.pantheonsite.io,0,0,0,0,0,0,0,1,0,1,1,1,1,1,1,0,0.0,1
rennefeliz-outubro.blogspot.com,0,0,1,0,0,0,1,1,1,1,1,1,0,1,1,0,,1
mvn4o5ohop.site2unblock.online,0,1,1,1,0,0,0,0,0,1,0,0,1,1,1,1,0.0,1
pub-0f2799b485784940bee3eecb0c599196.r2.dev,0,0,1,1,0,0,0,1,0,1,0,1,1,1,1,0,0.0,1
shrill-recipe-1999.on.fleek.co,0,0,1,1,0,0,0,1,0,1,0,0,1,1,1,0,0.0,1
43.134.167.94,0,0,1,3,1,0,0,0,0,1,1,1,1,1,1,1,0.0,1
pexa-exec878656645464564756757656456465.web.app,0,0,1,0,0,0,0,1,0,1,1,1,1,1,1,0,0.0,1
billtobox-b4acc.web.app,0,0,0,0,0,0,0,1,0,1,1,1,1,1,1,0,0.0,1
cloudflare-ipfs.com,0,0,1,3,0,0,0,1,0,1,0,1,0,1,1,0,0.0,1
irsrev.agency,0,0,0,0,0,0,0,0,0,1,1,1,1,1,1,0,1.0,1
